log_timestamp,log_name,algorithm_round,start_timestamp,agent,seconds_to_complete,epoch,accuracy,loss,precision,recall,f1_score
2025-03-29 19:08:27.294,rf.nn.train.agent.a0,1,2025-03-29T18:08:24.989248Z,a0,2.288031,1,0.563326160467261,1.0270852341112986,0.3501742154784191,0.32941146326261794,0.3237383606549847
2025-03-29 19:08:28.920,rf.nn.train.agent.a0,1,2025-03-29T18:08:27.297533Z,a0,1.599896,2,0.6643867199508147,0.8157520639808523,0.6133452323116038,0.4968026235328488,0.5075303350726441
2025-03-29 19:08:30.600,rf.nn.train.agent.a0,1,2025-03-29T18:08:28.920351Z,a0,1.66038,3,0.7103442975714724,0.7146947912560634,0.6538048448481417,0.5537181093013455,0.5739704829126432
2025-03-29 19:08:32.137,rf.nn.train.agent.a1,1,2025-03-29T18:08:31.658622Z,a1,0.478978,1,0.8794029850746269,0.43262697085738183,0.23067504573080783,0.16621430992339586,0.17503779749484996
2025-03-29 19:08:32.527,rf.nn.train.agent.a1,1,2025-03-29T18:08:32.158209Z,a1,0.359516,2,0.9259701492537313,0.2702130051773219,0.3511405822863476,0.3149459429611604,0.32910569105691057
2025-03-29 19:08:32.894,rf.nn.train.agent.a1,1,2025-03-29T18:08:32.527698Z,a1,0.36002,3,0.9304477611940298,0.25221094599082355,0.3493504309810793,0.3292117459338216,0.3378837185073511
2025-03-29 19:08:35.297,rf.nn.train.agent.a2,1,2025-03-29T18:08:33.664710Z,a2,1.613228,1,0.6584747552989226,0.8438249156550244,0.3865109817905754,0.3797269496132395,0.37945944709557405
2025-03-29 19:08:36.944,rf.nn.train.agent.a2,1,2025-03-29T18:08:35.307673Z,a2,1.610378,2,0.7762129427505106,0.5913312556977207,0.5154327989577614,0.5185406679098825,0.5167447064583823
2025-03-29 19:08:38.607,rf.nn.train.agent.a2,1,2025-03-29T18:08:36.947277Z,a2,1.630144,3,0.8262798394479262,0.4803235965134861,0.5495593424291086,0.5524901831611665,0.5508706792200262
2025-03-29 19:08:40.617,rf.nn.train.agent.a3,1,2025-03-29T18:08:39.637458Z,a3,0.967124,1,0.6022712608078462,1.0035613972709012,0.2040221674235141,0.17807434813248768,0.18316334414961505
2025-03-29 19:08:41.517,rf.nn.train.agent.a3,1,2025-03-29T18:08:40.620167Z,a3,0.884694,2,0.7381597625500065,0.7317138101461003,0.31160410336631905,0.2542437292547929,0.24910877435552178
2025-03-29 19:08:42.427,rf.nn.train.agent.a3,1,2025-03-29T18:08:41.521172Z,a3,0.892345,3,0.7750677506775068,0.6448543445808897,0.46024734426878655,0.2793945227291228,0.2800314896746905
2025-03-29 19:08:43.552,rf.nn.train.agent.a4,1,2025-03-29T18:08:43.327702Z,a4,0.224324,1,0.6138790035587188,0.8741543034337601,0.1234080841638981,0.11227586900876085,0.09772655516917811
2025-03-29 19:08:43.759,rf.nn.train.agent.a4,1,2025-03-29T18:08:43.552026Z,a4,0.207448,2,0.7336892052194544,0.6416003563494053,0.16176730721313784,0.15513759398969112,0.15565685495932258
2025-03-29 19:08:43.960,rf.nn.train.agent.a4,1,2025-03-29T18:08:43.767606Z,a4,0.193313,3,0.763938315539739,0.566057840608201,0.1661633662441079,0.16804714376458307,0.16690737802186537
2025-03-29 19:08:51.689,rf.nn.train.agent.a1,2,2025-03-29T18:08:51.208818Z,a1,0.48084,1,0.9316417910447761,0.264405378042942,0.35814087079479173,0.323108003640615,0.3371197829314931
2025-03-29 19:08:52.115,rf.nn.train.agent.a1,2,2025-03-29T18:08:51.689658Z,a1,0.417757,2,0.9355223880597014,0.22237535663658664,0.3562443270689661,0.33380402371731155,0.34342696840960363
2025-03-29 19:08:52.527,rf.nn.train.agent.a1,2,2025-03-29T18:08:52.118298Z,a1,0.404675,3,0.9444776119402986,0.19764020285081296,0.3656415860981597,0.34516837844116177,0.35412545966733766
2025-03-29 19:08:55.377,rf.nn.train.agent.a2,2,2025-03-29T18:08:53.577280Z,a2,1.780203,1,0.7977607210759806,0.5663063168727063,0.5299796422336538,0.5331593509958802,0.5314561869522773
2025-03-29 19:08:57.207,rf.nn.train.agent.a2,2,2025-03-29T18:08:55.377626Z,a2,1.800066,2,0.8544468699387368,0.41182721657930194,0.5687709130797498,0.5715260239020143,0.5701034730700492
2025-03-29 19:08:59.025,rf.nn.train.agent.a2,2,2025-03-29T18:08:57.207346Z,a2,1.790134,3,0.8815576367861419,0.3327215317099749,0.5870220413979003,0.5898519675883348,0.5884090475307631
2025-03-29 19:09:01.207,rf.nn.train.agent.a3,2,2025-03-29T18:09:00.143509Z,a3,1.046674,1,0.7768744354110207,0.6621496679851547,0.3875338948755072,0.27983413442076627,0.28270953560042383
2025-03-29 19:09:02.232,rf.nn.train.agent.a3,2,2025-03-29T18:09:01.207309Z,a3,1.010709,2,0.8041037553232675,0.5667694441575573,0.4135074168630813,0.30572326802128497,0.31573964706156193
2025-03-29 19:09:03.266,rf.nn.train.agent.a3,2,2025-03-29T18:09:02.236715Z,a3,1.01709,3,0.826042069944509,0.5007531829331637,0.4554406109746076,0.34489143659186994,0.3630093941342843
2025-03-29 19:09:06.027,rf.nn.train.agent.a0,2,2025-03-29T18:09:04.257472Z,a0,1.74982,1,0.683753458346142,0.7919591786454292,0.6058418637494626,0.5094558380205139,0.5213994386954537
2025-03-29 19:09:07.667,rf.nn.train.agent.a0,2,2025-03-29T18:09:06.027423Z,a0,1.620334,2,0.7450046111281894,0.6540995629032941,0.6902317263508017,0.5929301086978912,0.6165525021498524
2025-03-29 19:09:09.332,rf.nn.train.agent.a0,2,2025-03-29T18:09:07.667393Z,a0,1.645218,3,0.7703658161696895,0.5858488910321229,0.7089323171039263,0.6301326640036182,0.6543476482888433
2025-03-29 19:09:10.672,rf.nn.train.agent.a4,2,2025-03-29T18:09:10.417402Z,a4,0.250168,1,0.7686832740213523,0.6848949604439285,0.1683085004238815,0.1677006992680282,0.16737288713511259
2025-03-29 19:09:10.892,rf.nn.train.agent.a4,2,2025-03-29T18:09:10.677395Z,a4,0.210034,2,0.8155397390272835,0.4924360986025828,0.17846706388767977,0.1820269339033136,0.18019358039747926
2025-03-29 19:09:11.112,rf.nn.train.agent.a4,2,2025-03-29T18:09:10.892672Z,a4,0.214828,3,0.8256227758007118,0.4549294985690207,0.1808635606493797,0.18474691852175296,0.1827631708065375
2025-03-29 19:09:20.028,rf.nn.train.agent.a3,3,2025-03-29T18:09:18.990890Z,a3,1.030948,1,0.7562266098851465,0.7057940823796355,0.4021850336163919,0.2859457478282825,0.2988707637084477
2025-03-29 19:09:20.992,rf.nn.train.agent.a3,3,2025-03-29T18:09:20.028336Z,a3,0.952044,2,0.8136533746289843,0.5383488771969399,0.43136061163969974,0.3308639619755639,0.35039422907881773
2025-03-29 19:09:21.977,rf.nn.train.agent.a3,3,2025-03-29T18:09:20.994568Z,a3,0.972751,3,0.8453994063750161,0.44844136476026153,0.4905590955776634,0.40991822915856563,0.43182350320350343
2025-03-29 19:09:23.417,rf.nn.train.agent.a1,3,2025-03-29T18:09:22.954126Z,a1,0.46352,1,0.9244776119402985,0.30636825763753484,0.34786723618384485,0.3160765900081114,0.3288046118056088
2025-03-29 19:09:23.867,rf.nn.train.agent.a1,3,2025-03-29T18:09:23.427664Z,a1,0.439754,2,0.9405970149253732,0.20566208825579713,0.3594870941024787,0.3428107375291801,0.3501971851369442
2025-03-29 19:09:24.317,rf.nn.train.agent.a1,3,2025-03-29T18:09:23.867418Z,a1,0.442515,3,0.9513432835820895,0.17244027531927542,0.36890019071837254,0.35850803334437703,0.3632640515459839
2025-03-29 19:09:27.097,rf.nn.train.agent.a2,3,2025-03-29T18:09:25.174426Z,a2,1.896547,1,0.822970213365256,0.48852205957781086,0.5683419039281784,0.5543300686220585,0.5556105571230537
2025-03-29 19:09:28.994,rf.nn.train.agent.a2,3,2025-03-29T18:09:27.097502Z,a2,1.870196,2,0.8777550876698824,0.34386991209409257,0.5846107842247761,0.5872038401741315,0.5858542716274996
2025-03-29 19:09:30.887,rf.nn.train.agent.a2,3,2025-03-29T18:09:28.998448Z,a2,1.858871,3,0.8998662066051687,0.2742425836538812,0.6550863064265203,0.6081797166648939,0.6116164821365091
2025-03-29 19:09:32.284,rf.nn.train.agent.a4,3,2025-03-29T18:09:32.011530Z,a4,0.266179,1,0.7502965599051008,0.6410239580667244,0.23221617140152162,0.17774983580723094,0.18919886487666449
2025-03-29 19:09:32.479,rf.nn.train.agent.a4,3,2025-03-29T18:09:32.287479Z,a4,0.191726,2,0.8380782918149466,0.4435478339217744,0.2658306773379504,0.21949428627132822,0.2327853196565975
2025-03-29 19:09:32.691,rf.nn.train.agent.a4,3,2025-03-29T18:09:32.486481Z,a4,0.202701,3,0.867141162514828,0.35695073908230046,0.27774762014753307,0.24856754724304395,0.25969072917191766
2025-03-29 19:09:35.084,rf.nn.train.agent.a0,3,2025-03-29T18:09:33.477651Z,a0,1.586667,1,0.7563787273286198,0.6388979531476773,0.6863294324284059,0.6002311065514039,0.6231173358647358
2025-03-29 19:09:36.674,rf.nn.train.agent.a0,3,2025-03-29T18:09:35.087221Z,a0,1.565429,2,0.7981094374423608,0.5335142120023324,0.7389659207039887,0.6633600504229269,0.6885776169998504
2025-03-29 19:09:38.237,rf.nn.train.agent.a0,3,2025-03-29T18:09:36.674661Z,a0,1.545582,3,0.8249308330771595,0.4590014586870442,0.7908775137967325,0.7152920941910317,0.7430951182407243
2025-03-29 19:09:46.530,rf.nn.train.agent.a3,4,2025-03-29T18:09:45.462022Z,a3,1.061563,1,0.790295522002839,0.5762298768807831,0.4194130695570198,0.3579626616571297,0.3761423062753319
2025-03-29 19:09:47.467,rf.nn.train.agent.a3,4,2025-03-29T18:09:46.537184Z,a3,0.920152,2,0.8506904116660214,0.4217235575671549,0.5978627407509732,0.4209088888302253,0.45349561398809
2025-03-29 19:09:48.427,rf.nn.train.agent.a3,4,2025-03-29T18:09:47.477087Z,a3,0.945314,3,0.8852755194218609,0.32340902083940465,0.7559819126713895,0.5119592732739803,0.5512430083124419
2025-03-29 19:09:51.277,rf.nn.train.agent.a0,4,2025-03-29T18:09:49.577730Z,a0,1.684799,1,0.7552259452812788,0.6328890898450293,0.5801472399519941,0.5060212264260313,0.5264848230920848
2025-03-29 19:09:52.917,rf.nn.train.agent.a0,4,2025-03-29T18:09:51.287186Z,a0,1.615323,2,0.8109437442360897,0.502825271255847,0.7626689428437434,0.6864139424290774,0.7129288162410502
2025-03-29 19:09:54.547,rf.nn.train.agent.a0,4,2025-03-29T18:09:52.917501Z,a0,1.609671,3,0.8363049492775899,0.4291585616456203,0.7908891625280438,0.7237715287556433,0.749384118220481
2025-03-29 19:09:55.837,rf.nn.train.agent.a4,4,2025-03-29T18:09:55.587405Z,a4,0.244649,1,0.8173190984578885,0.48673770843811753,0.25309137513624885,0.21274899575120326,0.2240104586264133
2025-03-29 19:09:56.087,rf.nn.train.agent.a4,4,2025-03-29T18:09:55.837322Z,a4,0.250121,2,0.895017793594306,0.29132263376465384,0.2933034670160908,0.2755646569112353,0.28341479341924736
2025-03-29 19:09:56.297,rf.nn.train.agent.a4,4,2025-03-29T18:09:56.087443Z,a4,0.210148,3,0.905693950177936,0.25368704899864375,0.3004489499737734,0.2901453341850693,0.2949611111137428
2025-03-29 19:09:58.819,rf.nn.train.agent.a2,4,2025-03-29T18:09:57.090030Z,a2,1.707442,1,0.833814520104218,0.4560331860976713,0.5548819110626754,0.5576255737763064,0.5561841957803565
2025-03-29 19:10:00.627,rf.nn.train.agent.a2,4,2025-03-29T18:09:58.826341Z,a2,1.776164,2,0.8868389550031688,0.3099327338691633,0.5905920534120755,0.593522179561059,0.5920406164280232
2025-03-29 19:10:02.358,rf.nn.train.agent.a2,4,2025-03-29T18:10:00.630229Z,a2,1.704502,3,0.9152876557988874,0.2383618629516547,0.8502985773643797,0.6778555991325971,0.7063897357283522
2025-03-29 19:10:03.917,rf.nn.train.agent.a1,4,2025-03-29T18:10:03.439668Z,a1,0.472052,1,0.9435820895522388,0.21132483048630613,0.4604693600798301,0.35357422696390256,0.3619363008502747
2025-03-29 19:10:04.377,rf.nn.train.agent.a1,4,2025-03-29T18:10:03.923808Z,a1,0.446642,2,0.9552238805970149,0.15759749636054038,0.5734928862142137,0.3655520786202682,0.37454081761150915
2025-03-29 19:10:04.813,rf.nn.train.agent.a1,4,2025-03-29T18:10:04.382030Z,a1,0.425732,3,0.9641791044776119,0.12967354218874658,0.5817938912142291,0.37642594045207634,0.384290569698064
2025-03-29 19:10:14.120,rf.nn.train.agent.a0,5,2025-03-29T18:10:12.411120Z,a0,1.691252,1,0.8001844451275746,0.5210687578529924,0.74431529899657,0.674800176540918,0.6993038901493511
2025-03-29 19:10:15.761,rf.nn.train.agent.a0,5,2025-03-29T18:10:14.127596Z,a0,1.616071,2,0.8466799877036582,0.4019561442718166,0.8068430056346345,0.7418969663550893,0.7673304700636313
2025-03-29 19:10:17.397,rf.nn.train.agent.a0,5,2025-03-29T18:10:15.761962Z,a0,1.618835,3,0.8795727021211189,0.3191484504308396,0.8511962137323119,0.8095898735448539,0.8280341058359463
2025-03-29 19:10:18.707,rf.nn.train.agent.a4,5,2025-03-29T18:10:18.473051Z,a4,0.234293,1,0.8695136417556346,0.34614773375808067,0.2923614124756899,0.2765110451644668,0.2836993546692565
2025-03-29 19:10:18.927,rf.nn.train.agent.a4,5,2025-03-29T18:10:18.707344Z,a4,0.220089,2,0.9128113879003559,0.24728544590608129,0.29953216721776044,0.288255837041709,0.29351419603738
2025-03-29 19:10:19.163,rf.nn.train.agent.a4,5,2025-03-29T18:10:18.937389Z,a4,0.223665,3,0.9205219454329775,0.2126312920085664,0.6408458207684308,0.636007406868334,0.6383422568984568
2025-03-29 19:10:21.937,rf.nn.train.agent.a2,5,2025-03-29T18:10:20.174001Z,a2,1.733626,1,0.8804309555665094,0.3310210002368098,0.6450172473944763,0.5989956706424794,0.604752674658481
2025-03-29 19:10:23.717,rf.nn.train.agent.a2,5,2025-03-29T18:10:21.937603Z,a2,1.759943,2,0.9173297655094712,0.22433625383990574,0.9097143803158683,0.7070860936240461,0.7514042600809204
2025-03-29 19:10:25.511,rf.nn.train.agent.a2,5,2025-03-29T18:10:23.728423Z,a2,1.759537,3,0.938455038377579,0.16825707433829168,0.9386463388742236,0.8346411622483766,0.8698016920036836
2025-03-29 19:10:27.669,rf.nn.train.agent.a3,5,2025-03-29T18:10:26.619924Z,a3,1.042079,1,0.815201961543425,0.5152951256973753,0.45265202578942876,0.38474613572429966,0.40583969236412626
2025-03-29 19:10:28.680,rf.nn.train.agent.a3,5,2025-03-29T18:10:27.676512Z,a3,0.9917,2,0.8722415795586528,0.3576085740401421,0.7172509190953918,0.50444453783894,0.5478887833658748
2025-03-29 19:10:29.692,rf.nn.train.agent.a3,5,2025-03-29T18:10:28.680516Z,a3,0.999704,3,0.9014066331139502,0.275484861507092,0.8607105538474819,0.606848376502308,0.6644895204853107
2025-03-29 19:10:31.137,rf.nn.train.agent.a1,5,2025-03-29T18:10:30.669905Z,a1,0.457408,1,0.9528358208955224,0.19056973763342414,0.5703266178266178,0.36353526933746166,0.372009696638467
2025-03-29 19:10:31.577,rf.nn.train.agent.a1,5,2025-03-29T18:10:31.137700Z,a1,0.439681,2,0.9656716417910448,0.12592128063773825,0.5818861998076568,0.38439613379741333,0.3937456565602431
2025-03-29 19:10:32.017,rf.nn.train.agent.a1,5,2025-03-29T18:10:31.588258Z,a1,0.429285,3,0.9662686567164179,0.10545778939766544,0.7787843157889702,0.4470520345388505,0.49291666880206025
2025-03-29 19:10:41.737,rf.nn.train.agent.a2,6,2025-03-29T18:10:39.917505Z,a2,1.800049,1,0.8877543834941202,0.3018635989980655,0.7579808536255573,0.6216643941363307,0.6401596793705661
2025-03-29 19:10:43.497,rf.nn.train.agent.a2,6,2025-03-29T18:10:41.744544Z,a2,1.725947,2,0.9251461164706711,0.20122513911258932,0.9081994576000016,0.7559445221924893,0.7942191076604693
2025-03-29 19:10:45.267,rf.nn.train.agent.a2,6,2025-03-29T18:10:43.499605Z,a2,1.748059,3,0.951763960284487,0.13948207827566006,0.9503497684155867,0.8953185103380018,0.9159598881857912
2025-03-29 19:10:47.310,rf.nn.train.agent.a3,6,2025-03-29T18:10:46.342198Z,a3,0.955466,1,0.8524970963995354,0.4170358903062196,0.6199229315046065,0.47611285454616975,0.5103422490999736
2025-03-29 19:10:48.247,rf.nn.train.agent.a3,6,2025-03-29T18:10:47.310783Z,a3,0.916845,2,0.8977932636469221,0.2730475879377789,0.7696673751239997,0.6020834277281467,0.655258361610978
2025-03-29 19:10:49.207,rf.nn.train.agent.a3,6,2025-03-29T18:10:48.247639Z,a3,0.949865,3,0.9379274745128404,0.1726820904362962,0.9317352157055806,0.7490477679576063,0.8089339502210633
2025-03-29 19:10:50.560,rf.nn.train.agent.a1,6,2025-03-29T18:10:50.138849Z,a1,0.418855,1,0.9259701492537313,0.24844491964294796,0.3079287086952181,0.2935640387794805,0.30013803316328014
2025-03-29 19:10:50.982,rf.nn.train.agent.a1,6,2025-03-29T18:10:50.560818Z,a1,0.416492,2,0.9611940298507463,0.14111519984546161,0.3785587377234709,0.3710578728298165,0.3745357953435935
2025-03-29 19:10:51.407,rf.nn.train.agent.a1,6,2025-03-29T18:10:50.984924Z,a1,0.417423,3,0.9725373134328358,0.09724759547305958,0.7886791422043499,0.4417817076702888,0.4808612592303579
2025-03-29 19:10:52.493,rf.nn.train.agent.a4,6,2025-03-29T18:10:52.257639Z,a4,0.235501,1,0.861803084223013,0.3679028873173696,0.2831074869412219,0.27036929222359685,0.2762274764864249
2025-03-29 19:10:52.697,rf.nn.train.agent.a4,6,2025-03-29T18:10:52.497507Z,a4,0.199916,2,0.930011862396204,0.1866370144317735,0.4181065070735681,0.4164406601492694,0.41725167470875724
2025-03-29 19:10:52.924,rf.nn.train.agent.a4,6,2025-03-29T18:10:52.697423Z,a4,0.221577,3,0.9519572953736655,0.13005715977611407,0.7659846446762647,0.6894052762706184,0.709154249569227
2025-03-29 19:10:55.352,rf.nn.train.agent.a0,6,2025-03-29T18:10:53.740712Z,a0,1.5868,1,0.8198585920688595,0.4737533697771499,0.7460890706006681,0.6971057620193036,0.7164932932571498
2025-03-29 19:10:56.947,rf.nn.train.agent.a0,6,2025-03-29T18:10:55.353958Z,a0,1.573539,2,0.8751152782047341,0.3388105324796728,0.8455341723746924,0.7997190592196659,0.8197155790545715
2025-03-29 19:10:58.529,rf.nn.train.agent.a0,6,2025-03-29T18:10:56.947434Z,a0,1.56005,3,0.8983246234245312,0.2678802707472802,0.8788771492601306,0.839867092731694,0.8574768375446012
2025-03-29 19:11:08.352,rf.nn.train.agent.a0,7,2025-03-29T18:11:06.514803Z,a0,1.817575,1,0.8430679372886566,0.41046962874234455,0.7788915348522204,0.7409747084772138,0.7573212125932566
2025-03-29 19:11:10.116,rf.nn.train.agent.a0,7,2025-03-29T18:11:08.354624Z,a0,1.741075,2,0.8990931447894251,0.2800875293681311,0.8831667412104236,0.8469003850180439,0.8634349391927694
2025-03-29 19:11:11.895,rf.nn.train.agent.a0,7,2025-03-29T18:11:10.117508Z,a0,1.75845,3,0.9255302797417768,0.20678547738664566,0.9082345708800524,0.8835697553849935,0.8952018198468862
2025-03-29 19:11:14.110,rf.nn.train.agent.a3,7,2025-03-29T18:11:13.012618Z,a3,1.085031,1,0.8544328300425862,0.3996531725420383,0.5893823887195118,0.484598717214824,0.5083600556525192
2025-03-29 19:11:15.097,rf.nn.train.agent.a3,7,2025-03-29T18:11:14.110531Z,a3,0.977078,2,0.9211511162730674,0.2283846208588086,0.86486470032423,0.6434903097272202,0.696190230303773
2025-03-29 19:11:16.131,rf.nn.train.agent.a3,7,2025-03-29T18:11:15.102779Z,a3,1.018319,3,0.9460575558136534,0.1444075464849732,0.9353770557736752,0.8098290818637482,0.8597566461920958
2025-03-29 19:11:17.451,rf.nn.train.agent.a4,7,2025-03-29T18:11:17.150223Z,a4,0.297252,1,0.9110320284697508,0.2695982336716832,0.5115515697898112,0.504413932890754,0.5078086367036829
2025-03-29 19:11:17.689,rf.nn.train.agent.a4,7,2025-03-29T18:11:17.451937Z,a4,0.237708,2,0.9460260972716489,0.14964330804376108,0.7553918936795835,0.7127670996324418,0.7302897956433433
2025-03-29 19:11:17.940,rf.nn.train.agent.a4,7,2025-03-29T18:11:17.696386Z,a4,0.244162,3,0.9750889679715302,0.07636492748586636,0.8827841387589815,0.8769201120194497,0.8797637231584642
2025-03-29 19:11:19.447,rf.nn.train.agent.a1,7,2025-03-29T18:11:18.950002Z,a1,0.487324,1,0.9465671641791045,0.19720791403780735,0.2712640228331737,0.26144837116518743,0.26541156141872974
2025-03-29 19:11:19.850,rf.nn.train.agent.a1,7,2025-03-29T18:11:19.447679Z,a1,0.395788,2,0.9662686567164179,0.10610660156678586,0.5407333333333334,0.3934147822848602,0.40702614387999364
2025-03-29 19:11:20.281,rf.nn.train.agent.a1,7,2025-03-29T18:11:19.850581Z,a1,0.425655,3,0.98,0.06462826890250047,0.7904464033484575,0.5066965062297066,0.5709735358711019
2025-03-29 19:11:23.163,rf.nn.train.agent.a2,7,2025-03-29T18:11:21.177480Z,a2,1.960105,1,0.9057108654320118,0.25324467996655553,0.796177130373401,0.7068893161609332,0.7348624000739298
2025-03-29 19:11:25.124,rf.nn.train.agent.a2,7,2025-03-29T18:11:23.164823Z,a2,1.93849,2,0.9466938947961411,0.1495348090066801,0.9411014912688757,0.8406566417596335,0.8807423026090723
2025-03-29 19:11:27.069,rf.nn.train.agent.a2,7,2025-03-29T18:11:25.127648Z,a2,1.909691,3,0.9667629040208436,0.09873939795537037,0.9663751271471551,0.9295242325955698,0.946192581100013
2025-03-29 19:11:35.332,rf.nn.train.agent.a4,8,2025-03-29T18:11:34.984458Z,a4,0.343132,1,0.9323843416370107,0.2030881923746388,0.48293012623393344,0.5372351015838874,0.5008211304613651
2025-03-29 19:11:35.537,rf.nn.train.agent.a4,8,2025-03-29T18:11:35.334512Z,a4,0.199641,2,0.9804270462633452,0.0672684715674171,0.8839120254779897,0.8843376719756412,0.8841233731211353
2025-03-29 19:11:35.758,rf.nn.train.agent.a4,8,2025-03-29T18:11:35.537596Z,a4,0.220679,3,0.9887307236061684,0.04202879506672891,0.8858934932307382,0.8864878560242799,0.886187207615779
2025-03-29 19:11:36.989,rf.nn.train.agent.a1,8,2025-03-29T18:11:36.557330Z,a1,0.430172,1,0.955820895522388,0.15014956068868437,0.36934218510662026,0.32712823611314995,0.337906648803489
2025-03-29 19:11:37.417,rf.nn.train.agent.a1,8,2025-03-29T18:11:36.989854Z,a1,0.427531,2,0.9808955223880597,0.05896366107321921,0.7831572728670173,0.5632626902569433,0.6315752675451247
2025-03-29 19:11:37.857,rf.nn.train.agent.a1,8,2025-03-29T18:11:37.417385Z,a1,0.429846,3,0.9940298507462687,0.02435170817521534,0.9981493568456811,0.8948670081234112,0.9389116856144663
2025-03-29 19:11:40.807,rf.nn.train.agent.a2,8,2025-03-29T18:11:38.897572Z,a2,1.890276,1,0.9147243151890712,0.23047685764125875,0.6947651782513921,0.6404774126799374,0.6579735558026446
2025-03-29 19:11:42.667,rf.nn.train.agent.a2,8,2025-03-29T18:11:40.817211Z,a2,1.830122,2,0.9531723118090275,0.1283072802712218,0.9461265247532381,0.9122506587129693,0.9270740423955094
2025-03-29 19:11:44.517,rf.nn.train.agent.a2,8,2025-03-29T18:11:42.677368Z,a2,1.820017,3,0.9765509471164002,0.06997674532383596,0.96779511278228,0.9521823309890959,0.9595818849673022
2025-03-29 19:11:47.344,rf.nn.train.agent.a0,8,2025-03-29T18:11:45.623974Z,a0,1.693343,1,0.885029203811866,0.30968784288267537,0.8464835065500251,0.80920706370341,0.8258824846001704
2025-03-29 19:11:49.017,rf.nn.train.agent.a0,8,2025-03-29T18:11:47.347203Z,a0,1.650249,2,0.9274515831540117,0.19408312109493506,0.9122886232344383,0.8910395203841295,0.9011514369016791
2025-03-29 19:11:50.715,rf.nn.train.agent.a0,8,2025-03-29T18:11:49.017545Z,a0,1.675925,3,0.9524285275130648,0.13818451820778904,0.9499737818389644,0.9322718663983803,0.9407921593859395
2025-03-29 19:11:52.887,rf.nn.train.agent.a3,8,2025-03-29T18:11:51.807514Z,a3,1.074947,1,0.8767582913924378,0.3412488965861837,0.5861181136382047,0.48390436503340817,0.5125335678902034
2025-03-29 19:11:53.937,rf.nn.train.agent.a3,8,2025-03-29T18:11:52.897166Z,a3,1.030242,2,0.9455413601755065,0.1604556207288317,0.9267735931213915,0.7790036604394485,0.8339581049964292
2025-03-29 19:11:54.972,rf.nn.train.agent.a3,8,2025-03-29T18:11:53.937279Z,a3,1.020121,3,0.9637372564201833,0.10085175208888235,0.9411432507442847,0.8495156615532298,0.8891996723471178
2025-03-29 19:12:03.774,rf.nn.train.agent.a1,9,2025-03-29T18:12:03.329977Z,a1,0.440195,1,0.9597014925373134,0.1348136224650911,0.37301879770717644,0.33812984304308885,0.34906013102786365
2025-03-29 19:12:04.197,rf.nn.train.agent.a1,9,2025-03-29T18:12:03.777981Z,a1,0.410167,2,0.9832835820895522,0.047725037126136675,0.7843667443667444,0.5884929968027859,0.6543841281854286
2025-03-29 19:12:04.621,rf.nn.train.agent.a1,9,2025-03-29T18:12:04.197424Z,a1,0.416455,3,0.9883582089552239,0.030605148327802974,0.7919398732044496,0.6897160711220442,0.733234818817915
2025-03-29 19:12:06.521,rf.nn.train.agent.a3,9,2025-03-29T18:12:05.527436Z,a3,0.986039,1,0.893792747451284,0.30021641854150793,0.6340995053376274,0.5240975085908991,0.5565225981736686
2025-03-29 19:12:07.562,rf.nn.train.agent.a3,9,2025-03-29T18:12:06.529998Z,a3,1.017492,2,0.9556071751193702,0.12390209913039159,0.9523537404698253,0.800522262304344,0.8552307538578451
2025-03-29 19:12:08.597,rf.nn.train.agent.a3,9,2025-03-29T18:12:07.562627Z,a3,1.024794,3,0.9696735062588722,0.08520880559077984,0.9657671563861288,0.8809290126983593,0.9164545522257956
2025-03-29 19:12:09.883,rf.nn.train.agent.a4,9,2025-03-29T18:12:09.630779Z,a4,0.246515,1,0.8908659549228944,0.3026522514673899,0.3110263620996665,0.3865133272418041,0.32361556864522106
2025-03-29 19:12:10.117,rf.nn.train.agent.a4,9,2025-03-29T18:12:09.883817Z,a4,0.233683,2,0.9638196915776986,0.10317893111902587,0.8683330700263439,0.8681969163205365,0.8682639080501934
2025-03-29 19:12:10.357,rf.nn.train.agent.a4,9,2025-03-29T18:12:10.122005Z,a4,0.235186,3,0.9899169632265717,0.042513401317849475,0.8863435605343611,0.8866132804322651,0.8864780766481437
2025-03-29 19:12:13.183,rf.nn.train.agent.a2,9,2025-03-29T18:12:11.267512Z,a2,1.893847,1,0.9244419407084008,0.20541069271076504,0.7301363845540692,0.6376899983748808,0.6695661989359684
2025-03-29 19:12:15.116,rf.nn.train.agent.a2,9,2025-03-29T18:12:13.185617Z,a2,1.907459,2,0.9608478276177734,0.11043446923413121,0.9684891833375452,0.9136834759744675,0.9384654236004625
2025-03-29 19:12:17.068,rf.nn.train.agent.a2,9,2025-03-29T18:12:15.119136Z,a2,1.92135,3,0.9754242658967678,0.07036707126184132,0.9833426164339539,0.9753410015715938,0.9792392296554008
2025-03-29 19:12:20.062,rf.nn.train.agent.a0,9,2025-03-29T18:12:18.242381Z,a0,1.799255,1,0.8902551490931447,0.293297819536939,0.8476811334339948,0.8207101663996073,0.833177533021583
2025-03-29 19:12:21.795,rf.nn.train.agent.a0,9,2025-03-29T18:12:20.062086Z,a0,1.710282,2,0.9372118044881648,0.17798435940185256,0.928192075233679,0.9080609593072367,0.9176856798393681
2025-03-29 19:12:23.574,rf.nn.train.agent.a0,9,2025-03-29T18:12:21.797346Z,a0,1.756929,3,0.9622656009837074,0.11399714027918162,0.9555481920508976,0.9477131663886805,0.951562255011152
2025-03-29 19:12:31.957,rf.nn.train.agent.a4,10,2025-03-29T18:12:31.647701Z,a4,0.306504,1,0.8523131672597865,0.41532432906470207,0.2495515245328847,0.22716994558054165,0.237307860903123
2025-03-29 19:12:32.207,rf.nn.train.agent.a4,10,2025-03-29T18:12:31.959693Z,a4,0.237968,2,0.9478054567022538,0.14371306160992048,0.7619033080214478,0.7473281276813286,0.7540487005427571
2025-03-29 19:12:32.447,rf.nn.train.agent.a4,10,2025-03-29T18:12:32.207330Z,a4,0.239907,3,0.9875444839857651,0.05413391592227063,0.8859186984865455,0.8490064428254274,0.8637585660494024
2025-03-29 19:12:33.837,rf.nn.train.agent.a1,10,2025-03-29T18:12:33.347247Z,a1,0.490261,1,0.9844776119402985,0.05260055513520326,0.7514261948219696,0.6055493079935956,0.658125425348544
2025-03-29 19:12:34.297,rf.nn.train.agent.a1,10,2025-03-29T18:12:33.837508Z,a1,0.459928,2,0.988955223880597,0.027076455894192414,0.9883090569229516,0.8962140888234458,0.9363329553211688
2025-03-29 19:12:34.747,rf.nn.train.agent.a1,10,2025-03-29T18:12:34.297436Z,a1,0.446471,3,0.9928358208955224,0.02141636609643077,0.9899514104987238,0.925981138470331,0.9541044463799224
2025-03-29 19:12:36.672,rf.nn.train.agent.a3,10,2025-03-29T18:12:35.647560Z,a3,1.009756,1,0.9141824751580849,0.24239613860845566,0.7305684952098529,0.6482582029868111,0.6775132988189378
2025-03-29 19:12:37.683,rf.nn.train.agent.a3,10,2025-03-29T18:12:36.678190Z,a3,0.992115,2,0.9663182346109176,0.09993560991341961,0.9633110502366351,0.8822673919711481,0.9139986180365433
2025-03-29 19:12:38.717,rf.nn.train.agent.a3,10,2025-03-29T18:12:37.685895Z,a3,1.011569,3,0.9847722286746677,0.05024598715079511,0.9896035479532562,0.9575120802491234,0.9725339248521538
2025-03-29 19:12:41.517,rf.nn.train.agent.a0,10,2025-03-29T18:12:39.817219Z,a0,1.680481,1,0.8890255149093145,0.29509450225228173,0.6072385414086227,0.5892069342118763,0.5975773169368513
2025-03-29 19:12:43.237,rf.nn.train.agent.a0,10,2025-03-29T18:12:41.520440Z,a0,1.697132,2,0.9415923762680602,0.16366308941723234,0.9305396719531631,0.9185071266103144,0.9243609012556984
2025-03-29 19:12:44.957,rf.nn.train.agent.a0,10,2025-03-29T18:12:43.237637Z,a0,1.700783,3,0.971948970181371,0.09124614152810205,0.9672462536091248,0.9651914693625386,0.9661662700178322
2025-03-29 19:12:47.967,rf.nn.train.agent.a2,10,2025-03-29T18:12:46.056511Z,a2,1.883097,1,0.9580311245686923,0.1215499123612939,0.9175898639844867,0.8778493592390775,0.8961538676288302
2025-03-29 19:12:49.764,rf.nn.train.agent.a2,10,2025-03-29T18:12:47.970918Z,a2,1.766546,2,0.9754946834729948,0.06908450069651637,0.9771243851826806,0.9496740267018863,0.9627701165743487
2025-03-29 19:12:51.594,rf.nn.train.agent.a2,10,2025-03-29T18:12:49.766025Z,a2,1.801489,3,0.9741567495246813,0.07162303160110421,0.962407387688854,0.9585601742044316,0.9604593753750731
2025-03-29 19:12:59.936,rf.nn.train.agent.a4,11,2025-03-29T18:12:59.610608Z,a4,0.317557,1,0.9578884934756821,0.1313480833931914,0.8726233393554051,0.8324317780167669,0.8487971886376422
2025-03-29 19:13:00.153,rf.nn.train.agent.a4,11,2025-03-29T18:12:59.937560Z,a4,0.209891,2,0.9893238434163701,0.04632432216708109,0.7751281264712451,0.7755021693211539,0.7753148287470101
2025-03-29 19:13:00.369,rf.nn.train.agent.a4,11,2025-03-29T18:13:00.154857Z,a4,0.214731,3,0.998220640569395,0.017787213116567932,0.9995155623355281,0.9995998278558985,0.9995575894227768
2025-03-29 19:13:02.217,rf.nn.train.agent.a3,11,2025-03-29T18:13:01.207656Z,a3,0.998435,1,0.9070847851335656,0.26025759798202497,0.7131951195531464,0.6679979450450633,0.6821531296237624
2025-03-29 19:13:03.272,rf.nn.train.agent.a3,11,2025-03-29T18:13:02.217701Z,a3,1.040003,2,0.9691573106207253,0.09509496068497622,0.956244585506377,0.8608336898901219,0.8963715775823307
2025-03-29 19:13:04.337,rf.nn.train.agent.a3,11,2025-03-29T18:13:03.272725Z,a3,1.055029,3,0.9759969028261711,0.07188717492400006,0.9832563552658606,0.9150531751576,0.9456062140325717
2025-03-29 19:13:05.942,rf.nn.train.agent.a1,11,2025-03-29T18:13:05.367378Z,a1,0.570258,1,0.9698507462686567,0.09766625451766664,0.3770986588531997,0.30856855817263373,0.3260243363005185
2025-03-29 19:13:06.382,rf.nn.train.agent.a1,11,2025-03-29T18:13:05.942888Z,a1,0.434418,2,0.9928358208955224,0.022051816538441925,0.995909870053856,0.8547977791012981,0.9062824665566304
2025-03-29 19:13:06.827,rf.nn.train.agent.a1,11,2025-03-29T18:13:06.382526Z,a1,0.439962,3,0.9982089552238806,0.009063330142747699,0.9981288343558283,0.9454632568989574,0.9682051044181709
2025-03-29 19:13:09.671,rf.nn.train.agent.a0,11,2025-03-29T18:13:07.844313Z,a0,1.807182,1,0.9504303719643407,0.1428422201196011,0.9306742054183108,0.9151282040278769,0.9226281075403346
2025-03-29 19:13:11.517,rf.nn.train.agent.a0,11,2025-03-29T18:13:09.676004Z,a0,1.821136,2,0.9669535813095604,0.09843005251976907,0.9640900543422625,0.9538602359208059,0.9588632893931445
2025-03-29 19:13:13.407,rf.nn.train.agent.a0,11,2025-03-29T18:13:11.518171Z,a0,1.869912,3,0.9768675069166923,0.06990121828543173,0.971684783852006,0.968425623499321,0.9700439388561006
2025-03-29 19:13:16.889,rf.nn.train.agent.a2,11,2025-03-29T18:13:14.711613Z,a2,2.152165,1,0.9612703330751355,0.10667593235481396,0.8103547041333548,0.7818173733158538,0.7951381677469437
2025-03-29 19:13:18.947,rf.nn.train.agent.a2,11,2025-03-29T18:13:16.892494Z,a2,2.030298,2,0.9789451447081191,0.062254537388825,0.9799894935374921,0.9736967259401573,0.9765594920009697
2025-03-29 19:13:21.277,rf.nn.train.agent.a2,11,2025-03-29T18:13:18.950541Z,a2,2.296852,3,0.9828181114006056,0.049730164842126334,0.9883356052669301,0.9803205397398393,0.984226390538859
2025-03-29 19:13:30.011,rf.nn.train.agent.a4,12,2025-03-29T18:13:29.787290Z,a4,0.220337,1,0.9827995255041518,0.05881874688531993,0.8818336914382433,0.8787107341191227,0.8802489417158564
2025-03-29 19:13:30.224,rf.nn.train.agent.a4,12,2025-03-29T18:13:30.013713Z,a4,0.205928,2,0.9970344009489917,0.02067730671568018,0.9994768780079516,0.9961538461538461,0.9977917064043034
2025-03-29 19:13:30.441,rf.nn.train.agent.a4,12,2025-03-29T18:13:30.225924Z,a4,0.211319,3,1.0,0.007694450857223205,1.0,1.0,1.0
2025-03-29 19:13:31.897,rf.nn.train.agent.a1,12,2025-03-29T18:13:31.426442Z,a1,0.465695,1,0.9585074626865672,0.12470187573205857,0.3279309325081384,0.2976100080158483,0.30999490991277756
2025-03-29 19:13:32.393,rf.nn.train.agent.a1,12,2025-03-29T18:13:31.898358Z,a1,0.491356,2,0.9907462686567164,0.030444746538774953,0.9934227169238554,0.9082298354099742,0.9456720339130726
2025-03-29 19:13:32.815,rf.nn.train.agent.a1,12,2025-03-29T18:13:32.395635Z,a1,0.415957,3,0.9952238805970149,0.015333598174731292,0.9932435160086804,0.9705189442676516,0.981214515486249
2025-03-29 19:13:34.829,rf.nn.train.agent.a3,12,2025-03-29T18:13:33.777728Z,a3,1.039476,1,0.9750935604594141,0.07778167552717122,0.9368107868933762,0.8970617847108255,0.9156177092956599
2025-03-29 19:13:35.811,rf.nn.train.agent.a3,12,2025-03-29T18:13:34.831487Z,a3,0.96827,2,0.9845141308555942,0.04985616623554302,0.9803463258548971,0.9563143586073709,0.9675835657438411
2025-03-29 19:13:36.841,rf.nn.train.agent.a3,12,2025-03-29T18:13:35.813433Z,a3,1.015396,3,0.9794812233836624,0.06658504229005897,0.969775895507754,0.9625715827932549,0.9660631289758386
2025-03-29 19:13:39.637,rf.nn.train.agent.a0,12,2025-03-29T18:13:37.892364Z,a0,1.724886,1,0.9355979096218875,0.17837663510178173,0.6491798628659998,0.6436742961421371,0.6462922577895822
2025-03-29 19:13:41.441,rf.nn.train.agent.a0,12,2025-03-29T18:13:39.639631Z,a0,1.780079,2,0.9664924684906241,0.09683533835153871,0.9573492169774834,0.9523668328889807,0.9548321644526793
2025-03-29 19:13:43.485,rf.nn.train.agent.a0,12,2025-03-29T18:13:41.443816Z,a0,2.019865,3,0.9765600983707347,0.070998834974089,0.9705275679993759,0.9669865324842692,0.9687416421184473
2025-03-29 19:13:46.712,rf.nn.train.agent.a2,12,2025-03-29T18:13:44.738825Z,a2,1.949735,1,0.9528202239278925,0.13297301363871172,0.6747763397952256,0.6588963207487966,0.666459789316973
2025-03-29 19:13:48.568,rf.nn.train.agent.a2,12,2025-03-29T18:13:46.714731Z,a2,1.829701,2,0.9778184634884868,0.06475283142450887,0.9849271628213027,0.968878102818865,0.9764852409371553
2025-03-29 19:13:50.514,rf.nn.train.agent.a2,12,2025-03-29T18:13:48.570716Z,a2,1.919467,3,0.981339342299838,0.051516220475670775,0.9792906113692675,0.979305334787175,0.9792972524785113
2025-03-29 19:14:00.620,rf.nn.train.agent.a0,13,2025-03-29T18:13:58.728510Z,a0,1.869802,1,0.9355979096218875,0.17793176360702925,0.7573482417757691,0.756605478678335,0.7568935207235721
2025-03-29 19:14:02.321,rf.nn.train.agent.a0,13,2025-03-29T18:14:00.622341Z,a0,1.677822,2,0.9704119274515831,0.0878766147792797,0.9705449481951789,0.9616978536076332,0.9660404334833117
2025-03-29 19:14:04.072,rf.nn.train.agent.a0,13,2025-03-29T18:14:02.323274Z,a0,1.728705,3,0.9810175222871196,0.05830254168959028,0.9765633037582282,0.9729395706521992,0.9747376016014077
2025-03-29 19:14:05.531,rf.nn.train.agent.a4,13,2025-03-29T18:14:05.241551Z,a4,0.28735,1,0.9240806642941874,0.21029706696434966,0.3924280390906952,0.5141310002237155,0.42541185666185666
2025-03-29 19:14:05.762,rf.nn.train.agent.a4,13,2025-03-29T18:14:05.534863Z,a4,0.224867,2,0.9762752075919335,0.07812967582799073,0.7610140708580402,0.7662091730524403,0.7635353272212537
2025-03-29 19:14:05.976,rf.nn.train.agent.a4,13,2025-03-29T18:14:05.764730Z,a4,0.208507,3,0.9857651245551602,0.04452365713703604,0.9906643335293066,0.9905815793233013,0.9906228520107145
2025-03-29 19:14:07.824,rf.nn.train.agent.a3,13,2025-03-29T18:14:06.835188Z,a3,0.978275,1,0.9913537230610401,0.035908749902912186,0.9706064001403816,0.9703023547842096,0.9702659918786085
2025-03-29 19:14:08.801,rf.nn.train.agent.a3,13,2025-03-29T18:14:07.827477Z,a3,0.962827,2,0.989159891598916,0.03663666768444112,0.9822956868834412,0.9731284039512631,0.9775527966266258
2025-03-29 19:14:09.853,rf.nn.train.agent.a3,13,2025-03-29T18:14:08.804734Z,a3,1.037434,3,0.9775454897406117,0.06876357994617227,0.959558828200236,0.9450344791582093,0.9519875957167092
2025-03-29 19:14:12.702,rf.nn.train.agent.a2,13,2025-03-29T18:14:10.841357Z,a2,1.836115,1,0.9705654531371031,0.08453111165320618,0.7258178799877565,0.7230103998970003,0.7243961630431319
2025-03-29 19:14:14.687,rf.nn.train.agent.a2,13,2025-03-29T18:14:12.704526Z,a2,1.956056,2,0.9765509471164002,0.06502687748571909,0.9799569288946802,0.9602805584511076,0.9697987465988952
2025-03-29 19:14:16.567,rf.nn.train.agent.a2,13,2025-03-29T18:14:14.689608Z,a2,1.855425,3,0.9823956059432435,0.05059392748401618,0.9762643054718955,0.972291895892298,0.9742527848817306
2025-03-29 19:14:18.189,rf.nn.train.agent.a1,13,2025-03-29T18:14:17.708701Z,a1,0.480876,1,0.9838805970149254,0.05424358160553744,0.5597561712571855,0.47629647508889755,0.5080524608764692
2025-03-29 19:14:18.627,rf.nn.train.agent.a1,13,2025-03-29T18:14:18.197372Z,a1,0.424334,2,0.9967164179104477,0.014970891414088241,0.9946610725214942,0.9261048394786136,0.9563535563656904
2025-03-29 19:14:19.064,rf.nn.train.agent.a1,13,2025-03-29T18:14:18.629602Z,a1,0.42866,3,0.9991044776119403,0.004009253115232457,0.9993050545811007,0.9955995895506273,0.9974343468105694
2025-03-29 19:14:27.317,rf.nn.train.agent.a4,14,2025-03-29T18:14:27.092390Z,a4,0.21555,1,0.9697508896797153,0.09597528240871879,0.8243999827261217,0.844156579255917,0.8212775540448843
2025-03-29 19:14:27.517,rf.nn.train.agent.a4,14,2025-03-29T18:14:27.317376Z,a4,0.200077,2,0.9994068801897983,0.014463823047062417,0.9998103905953736,0.9998948806895827,0.9998525298075922
2025-03-29 19:14:27.722,rf.nn.train.agent.a4,14,2025-03-29T18:14:27.517453Z,a4,0.204932,3,0.9988137603795967,0.006501539658649631,0.9996214272193831,0.9997897613791653,0.9997051717401546
2025-03-29 19:14:30.317,rf.nn.train.agent.a2,14,2025-03-29T18:14:28.552543Z,a2,1.739427,1,0.9778888810647137,0.0653060750777808,0.831306506658805,0.8171881919436247,0.8233869124666044
2025-03-29 19:14:32.072,rf.nn.train.agent.a2,14,2025-03-29T18:14:30.319016Z,a2,1.728507,2,0.9818322653334273,0.05425485653455604,0.9758954945147379,0.9638166442552474,0.969624372035045
2025-03-29 19:14:33.927,rf.nn.train.agent.a2,14,2025-03-29T18:14:32.072349Z,a2,1.837153,3,0.9826068586719245,0.04836292554584263,0.9840647259350895,0.9683547456991043,0.9759647335548146
2025-03-29 19:14:35.650,rf.nn.train.agent.a1,14,2025-03-29T18:14:35.117506Z,a1,0.526138,1,0.9874626865671642,0.041899151215329763,0.8260616676450888,0.7014545933735318,0.7470077821377451
2025-03-29 19:14:36.087,rf.nn.train.agent.a1,14,2025-03-29T18:14:35.653257Z,a1,0.424226,2,0.9904477611940299,0.02222252177806305,0.980146959864506,0.9133385663400905,0.9427329740961147
2025-03-29 19:14:36.497,rf.nn.train.agent.a1,14,2025-03-29T18:14:36.087377Z,a1,0.400306,3,0.9934328358208955,0.020638154268298032,0.7909497125844276,0.7691971268543925,0.7794084185017585
2025-03-29 19:14:38.351,rf.nn.train.agent.a3,14,2025-03-29T18:14:37.367534Z,a3,0.970031,1,0.9365079365079365,0.17434296180942543,0.7806554635169367,0.7585673527892225,0.7673290002468341
2025-03-29 19:14:39.342,rf.nn.train.agent.a3,14,2025-03-29T18:14:38.353818Z,a3,0.978775,2,0.9789650277455155,0.06730275046187664,0.963611781520444,0.9234140410181227,0.9422081150953527
2025-03-29 19:14:40.478,rf.nn.train.agent.a3,14,2025-03-29T18:14:39.347526Z,a3,1.123873,3,0.983739837398374,0.04649897581713711,0.9724314455569174,0.9706676334125982,0.9714029565367913
2025-03-29 19:14:43.517,rf.nn.train.agent.a0,14,2025-03-29T18:14:41.597355Z,a0,1.900139,1,0.9573470642483861,0.12349271657705051,0.7872642648178497,0.7816107023443029,0.7843975427695784
2025-03-29 19:14:45.435,rf.nn.train.agent.a0,14,2025-03-29T18:14:43.517360Z,a0,1.897597,2,0.9761758376882878,0.07156812607857607,0.9700590457172016,0.9691147726845545,0.9695841318939031
2025-03-29 19:14:47.307,rf.nn.train.agent.a0,14,2025-03-29T18:14:45.437262Z,a0,1.8501,3,0.974485090685521,0.07527047811883801,0.9678268006652523,0.9606585862363032,0.9641901493536661
2025-03-29 19:14:57.129,rf.nn.train.agent.a3,15,2025-03-29T18:14:55.749652Z,a3,1.358023,1,0.9694154084397987,0.091143477140876,0.8674176859497416,0.8606899214974463,0.8639931978019934
2025-03-29 19:14:58.427,rf.nn.train.agent.a3,15,2025-03-29T18:14:57.129559Z,a3,1.285622,2,0.9852884243128146,0.04237388592422269,0.9845193698769117,0.973930203694596,0.9789068112236797
2025-03-29 19:14:59.717,rf.nn.train.agent.a3,15,2025-03-29T18:14:58.427642Z,a3,1.269834,3,0.990063233965673,0.029146326735665792,0.9828085807458304,0.9845782826438594,0.983440776390352
2025-03-29 19:15:01.567,rf.nn.train.agent.a1,15,2025-03-29T18:15:00.940740Z,a1,0.626569,1,0.9904477611940299,0.03267555903709893,0.6631932115945791,0.5448584349403424,0.5881326117042197
2025-03-29 19:15:02.137,rf.nn.train.agent.a1,15,2025-03-29T18:15:01.575498Z,a1,0.557945,2,0.9982089552238806,0.005576206757576161,0.9986102020002132,0.991199179101255,0.9948320984165587
2025-03-29 19:15:02.657,rf.nn.train.agent.a1,15,2025-03-29T18:15:02.137297Z,a1,0.514826,3,0.9946268656716418,0.01531010078896153,0.9948244190674463,0.9938680772145487,0.9943446952886777
2025-03-29 19:15:05.683,rf.nn.train.agent.a0,15,2025-03-29T18:15:03.667304Z,a0,1.992033,1,0.9468951736858284,0.14324919973712882,0.6647592461955375,0.6613258786969972,0.6630177926402036
2025-03-29 19:15:07.747,rf.nn.train.agent.a0,15,2025-03-29T18:15:05.689647Z,a0,2.039637,2,0.9750230556409468,0.07842027090366298,0.9730199356987432,0.9683378034886552,0.9706554972488635
2025-03-29 19:15:09.842,rf.nn.train.agent.a0,15,2025-03-29T18:15:07.747193Z,a0,2.074768,3,0.9804795573316938,0.058906406799734044,0.975549862852839,0.9725250220029522,0.9740264787537786
2025-03-29 19:15:13.657,rf.nn.train.agent.a2,15,2025-03-29T18:15:11.205175Z,a2,2.426694,1,0.9814801774522921,0.053844662370088905,0.830362061569223,0.8463399034843133,0.8381075540418974
2025-03-29 19:15:15.967,rf.nn.train.agent.a2,15,2025-03-29T18:15:13.657867Z,a2,2.288654,2,0.9904936272093514,0.03242591557792112,0.9936248245601075,0.9936160729389004,0.9936203784219234
2025-03-29 19:15:18.283,rf.nn.train.agent.a2,15,2025-03-29T18:15:15.967439Z,a2,2.291001,3,0.9820435180621083,0.05274901823531354,0.9878324563773334,0.9679997654553,0.9775938144066266
2025-03-29 19:15:19.950,rf.nn.train.agent.a4,15,2025-03-29T18:15:19.599133Z,a4,0.349549,1,0.9347568208778173,0.18593981728520034,0.6013576724379963,0.7044679749977764,0.6281343444701718
2025-03-29 19:15:20.242,rf.nn.train.agent.a4,15,2025-03-29T18:15:19.952703Z,a4,0.285828,2,0.9916963226571768,0.03511587169706681,0.8868257878835824,0.8870134525763665,0.8869195400998751
2025-03-29 19:15:20.488,rf.nn.train.agent.a4,15,2025-03-29T18:15:20.247269Z,a4,0.240114,3,0.9994068801897983,0.006970265213584632,0.9998949800462087,0.9998100664767331,0.9998524171964525
2025-03-29 19:15:28.689,rf.nn.train.agent.a4,16,2025-03-29T18:15:28.394899Z,a4,0.292554,1,0.9395017793594306,0.19208586247602724,0.3696872807727592,0.5046224195230817,0.4065752428082884
2025-03-29 19:15:28.919,rf.nn.train.agent.a4,16,2025-03-29T18:15:28.693601Z,a4,0.223773,2,0.994661921708185,0.026907752584314572,0.8876040550268653,0.8877086775541522,0.8876563415570508
2025-03-29 19:15:29.165,rf.nn.train.agent.a4,16,2025-03-29T18:15:28.923362Z,a4,0.239709,3,0.9988137603795967,0.012157630311536058,0.9997049471663159,0.9997049471663159,0.9997049471663159
2025-03-29 19:15:30.721,rf.nn.train.agent.a1,16,2025-03-29T18:15:30.193378Z,a1,0.52175,1,0.9886567164179104,0.038584077476324245,0.7777097490858615,0.7591396640140934,0.7678812603055407
2025-03-29 19:15:31.267,rf.nn.train.agent.a1,16,2025-03-29T18:15:30.723304Z,a1,0.539548,2,0.9958208955223881,0.013227812586271847,0.9890450127065128,0.9859674441306652,0.9874885659442991
2025-03-29 19:15:31.817,rf.nn.train.agent.a1,16,2025-03-29T18:15:31.267706Z,a1,0.545502,3,0.9988059701492538,0.004805975897484348,0.9955314232247924,0.9955314232247924,0.9955314232247924
2025-03-29 19:15:34.777,rf.nn.train.agent.a0,16,2025-03-29T18:15:32.847597Z,a0,1.909498,1,0.9646480172148786,0.10272766279711111,0.6830100656977885,0.6804345466989059,0.6817122755633621
2025-03-29 19:15:36.729,rf.nn.train.agent.a0,16,2025-03-29T18:15:34.777399Z,a0,1.930127,2,0.9762526898247771,0.06941584012635894,0.9686289132618604,0.9664982235334729,0.9675575746643528
2025-03-29 19:15:38.672,rf.nn.train.agent.a0,16,2025-03-29T18:15:36.729317Z,a0,1.917917,3,0.9780971411005226,0.058770860275036266,0.9775332058668044,0.9731460133748288,0.9753187186522154
2025-03-29 19:15:42.097,rf.nn.train.agent.a2,16,2025-03-29T18:15:40.081870Z,a2,1.990079,1,0.9735934089148651,0.07232699012525405,0.6321920890446673,0.6320904812133079,0.6321406466901811
2025-03-29 19:15:44.127,rf.nn.train.agent.a2,16,2025-03-29T18:15:42.099086Z,a2,2.002646,2,0.9849306386874164,0.04474387681090718,0.9854528247143165,0.9618909992070791,0.9732243206441474
2025-03-29 19:15:46.199,rf.nn.train.agent.a2,16,2025-03-29T18:15:44.127594Z,a2,2.04294,3,0.9781001337933948,0.059613091161900396,0.9769619989455577,0.9672447631595372,0.972024847597599
2025-03-29 19:15:48.787,rf.nn.train.agent.a3,16,2025-03-29T18:15:47.467543Z,a3,1.31458,1,0.9798683701122726,0.05914767807226919,0.8538002215445835,0.8339320316945473,0.843446668477028
2025-03-29 19:15:50.017,rf.nn.train.agent.a3,16,2025-03-29T18:15:48.797386Z,a3,1.20992,2,0.9852884243128146,0.04710182462413623,0.9651504053263618,0.9643933278152544,0.9645667412276365
2025-03-29 19:15:51.254,rf.nn.train.agent.a3,16,2025-03-29T18:15:50.017438Z,a3,1.224974,3,0.9802555168408827,0.05630894093544303,0.9628965228759737,0.9643121932737149,0.9635198863243739
2025-03-29 19:15:59.715,rf.nn.train.agent.a1,17,2025-03-29T18:15:58.987501Z,a1,0.720009,1,0.9982089552238806,0.007781723312897763,0.9990994083133593,0.9874937605214296,0.9931312367693682
2025-03-29 19:16:00.277,rf.nn.train.agent.a1,17,2025-03-29T18:15:59.717270Z,a1,0.554786,2,1.0,0.0010777777185250583,1.0,1.0,1.0
2025-03-29 19:16:00.747,rf.nn.train.agent.a1,17,2025-03-29T18:16:00.277302Z,a1,0.461089,3,1.0,0.0006646868850241714,1.0,1.0,1.0
2025-03-29 19:16:03.767,rf.nn.train.agent.a2,17,2025-03-29T18:16:01.729544Z,a2,2.007829,1,0.9897894514470812,0.03241860044075004,0.9770639299380233,0.9930511617056311,0.9846473335459556
2025-03-29 19:16:05.899,rf.nn.train.agent.a2,17,2025-03-29T18:16:03.769972Z,a2,2.097443,2,0.983874375044011,0.04460939688493733,0.9772796997802472,0.973223048910642,0.9752256199804726
2025-03-29 19:16:08.005,rf.nn.train.agent.a2,17,2025-03-29T18:16:05.904004Z,a2,2.073508,3,0.9793676501654813,0.060395550871993414,0.9801467467371449,0.9721298524040839,0.9760363533796719
2025-03-29 19:16:09.813,rf.nn.train.agent.a4,17,2025-03-29T18:16:09.440049Z,a4,0.370149,1,0.9733096085409253,0.08084608302539531,0.9853959568056744,0.9931492757099822,0.989098616754169
2025-03-29 19:16:10.087,rf.nn.train.agent.a4,17,2025-03-29T18:16:09.815035Z,a4,0.27218,2,0.9988137603795967,0.01599818611306683,0.9997901584303851,0.9967236467236467,0.9982349868200521
2025-03-29 19:16:10.327,rf.nn.train.agent.a4,17,2025-03-29T18:16:10.087215Z,a4,0.240063,3,1.0,0.0035596243929522076,1.0,1.0,1.0
2025-03-29 19:16:12.317,rf.nn.train.agent.a3,17,2025-03-29T18:16:11.230559Z,a3,1.074692,1,0.9618015227771325,0.1118978531767687,0.8250211835965597,0.785992915910722,0.8024166577776949
2025-03-29 19:16:13.409,rf.nn.train.agent.a3,17,2025-03-29T18:16:12.317341Z,a3,1.077169,2,0.9883855981416957,0.035346065815097416,0.9865922323186468,0.9600790608129857,0.9724825062363716
2025-03-29 19:16:14.539,rf.nn.train.agent.a3,17,2025-03-29T18:16:13.409132Z,a3,1.118304,3,0.992773261065944,0.02360764331420991,0.9911648829599302,0.9884244679463874,0.9897834524441657
2025-03-29 19:16:17.587,rf.nn.train.agent.a0,17,2025-03-29T18:16:15.624000Z,a0,1.938444,1,0.9704119274515831,0.08910136810659502,0.7964199821418473,0.7971857318378093,0.7967971723108361
2025-03-29 19:16:19.397,rf.nn.train.agent.a0,17,2025-03-29T18:16:17.587352Z,a0,1.785161,2,0.9761758376882878,0.0722825650843112,0.96943050023414,0.9640506290596523,0.9666984857930423
2025-03-29 19:16:21.287,rf.nn.train.agent.a0,17,2025-03-29T18:16:19.397264Z,a0,1.86302,3,0.9846295727021211,0.04742101771889726,0.9801885955733252,0.9769079707039771,0.9785367907349103
2025-03-29 19:16:31.024,rf.nn.train.agent.a3,18,2025-03-29T18:16:29.961592Z,a3,1.050805,1,0.9879984514130855,0.03864269937271705,0.9443482050865152,0.9498265011743153,0.9468025100184099
2025-03-29 19:16:32.034,rf.nn.train.agent.a3,18,2025-03-29T18:16:31.028453Z,a3,0.992042,2,0.9895470383275261,0.030204515076824943,0.9596180116249573,0.9621506198351697,0.9605691347487375
2025-03-29 19:16:33.033,rf.nn.train.agent.a3,18,2025-03-29T18:16:32.035167Z,a3,0.984765,3,0.9823202993934701,0.05932085471703966,0.9700640624683068,0.9568811153561201,0.9631527414588431
2025-03-29 19:16:35.693,rf.nn.train.agent.a0,18,2025-03-29T18:16:34.007492Z,a0,1.66615,1,0.9535044574239164,0.13377889290712866,0.4661765523543865,0.4667037049804258,0.46642825288008655
2025-03-29 19:16:37.303,rf.nn.train.agent.a0,18,2025-03-29T18:16:35.695536Z,a0,1.588008,2,0.9816323393790347,0.05675196854045262,0.9713365347963323,0.972645991915362,0.9719861240103421
2025-03-29 19:16:38.923,rf.nn.train.agent.a0,18,2025-03-29T18:16:37.306346Z,a0,1.599537,3,0.9837073470642483,0.04980299640984643,0.9787019243056723,0.9773790660245893,0.9780386821694413
2025-03-29 19:16:41.867,rf.nn.train.agent.a2,18,2025-03-29T18:16:40.020285Z,a2,1.821468,1,0.978593056826984,0.0606888106314629,0.6234043113822223,0.6330695714502617,0.6280914822426501
2025-03-29 19:16:43.747,rf.nn.train.agent.a2,18,2025-03-29T18:16:41.867373Z,a2,1.860098,2,0.9856348144496866,0.04278587020431784,0.9804442433889112,0.9822450702492693,0.9812680760339525
2025-03-29 19:16:45.631,rf.nn.train.agent.a2,18,2025-03-29T18:16:43.747544Z,a2,1.861127,3,0.9885923526512217,0.033680321997831796,0.99225840180498,0.9841688174604801,0.9881103937156016
2025-03-29 19:16:47.077,rf.nn.train.agent.a4,18,2025-03-29T18:16:46.784625Z,a4,0.293084,1,0.99644128113879,0.022194762815246887,0.8514518047367877,0.8484500741675135,0.8499290983140015
2025-03-29 19:16:47.302,rf.nn.train.agent.a4,18,2025-03-29T18:16:47.085254Z,a4,0.213775,2,1.0,0.006459600459081384,1.0,1.0,1.0
2025-03-29 19:16:47.507,rf.nn.train.agent.a4,18,2025-03-29T18:16:47.304861Z,a4,0.19796,3,1.0,0.0023474829855708863,1.0,1.0,1.0
2025-03-29 19:16:48.852,rf.nn.train.agent.a1,18,2025-03-29T18:16:48.369035Z,a1,0.474099,1,0.9722388059701492,0.08829159559903756,0.3708383213620644,0.3421420207173322,0.35467314783068743
2025-03-29 19:16:49.293,rf.nn.train.agent.a1,18,2025-03-29T18:16:48.854578Z,a1,0.432815,2,0.9853731343283582,0.04310682405845173,0.9790002892380028,0.8583239619903935,0.9013444671948723
2025-03-29 19:16:49.715,rf.nn.train.agent.a1,18,2025-03-29T18:16:49.297428Z,a1,0.413318,3,0.9961194029850746,0.014101188743924943,0.9981128623330457,0.9872885645761154,0.9926084816492979
2025-03-29 19:16:58.190,rf.nn.train.agent.a1,19,2025-03-29T18:16:57.671273Z,a1,0.509333,1,0.9958208955223881,0.012974141813451535,0.7859099179526545,0.8166900713726172,0.7994339779852208
2025-03-29 19:16:58.572,rf.nn.train.agent.a1,19,2025-03-29T18:16:58.192755Z,a1,0.374776,2,0.9997014925373134,0.0017078641568548934,0.9999318568994889,0.9962264150943396,0.9980611607396408
2025-03-29 19:16:58.941,rf.nn.train.agent.a1,19,2025-03-29T18:16:58.573248Z,a1,0.36703,3,1.0,0.000789968264212976,1.0,1.0,1.0
2025-03-29 19:17:01.546,rf.nn.train.agent.a0,19,2025-03-29T18:16:59.827128Z,a0,1.697225,1,0.9763295419612665,0.07115022662720422,0.8080262595875224,0.8058665070195353,0.8069390951283332
2025-03-29 19:17:03.319,rf.nn.train.agent.a0,19,2025-03-29T18:17:01.547599Z,a0,1.750776,2,0.9794036274208423,0.06172231968957931,0.9792197592795411,0.9771949150756527,0.9782020787230653
2025-03-29 19:17:05.089,rf.nn.train.agent.a0,19,2025-03-29T18:17:03.319807Z,a0,1.75584,3,0.9827082692898863,0.049156980441296266,0.9760466441382768,0.9762526476313301,0.9761494793301724
2025-03-29 19:17:08.307,rf.nn.train.agent.a2,19,2025-03-29T18:17:06.401076Z,a2,1.882415,1,0.9859869023308218,0.04374461287020617,0.5851189555850275,0.5870530301935812,0.5860725693755794
2025-03-29 19:17:10.237,rf.nn.train.agent.a2,19,2025-03-29T18:17:08.310390Z,a2,1.904007,2,0.9883810999225406,0.03654984989027054,0.9921758175830652,0.9921849892989213,0.9921802836463103
2025-03-29 19:17:12.183,rf.nn.train.agent.a2,19,2025-03-29T18:17:10.239117Z,a2,1.92148,3,0.9854939792972326,0.04051405654464107,0.978083061736923,0.9781069638795219,0.9780940968552093
2025-03-29 19:17:13.689,rf.nn.train.agent.a4,19,2025-03-29T18:17:13.357336Z,a4,0.329034,1,0.9697508896797153,0.09527959280981207,0.7774307138123201,0.909456380427683,0.7944946441539579
2025-03-29 19:17:13.941,rf.nn.train.agent.a4,19,2025-03-29T18:17:13.689642Z,a4,0.249055,2,0.9940688018979834,0.02258275785342843,0.8873338276858926,0.8876883724565844,0.8875102796937835
2025-03-29 19:17:14.167,rf.nn.train.agent.a4,19,2025-03-29T18:17:13.941801Z,a4,0.221975,3,0.9976275207591934,0.010005956762228688,0.999494652549332,0.9993250801197822,0.9994094425886123
2025-03-29 19:17:16.117,rf.nn.train.agent.a3,19,2025-03-29T18:17:15.047149Z,a3,1.055279,1,0.9722544844496064,0.08366467189446183,0.8152652005193495,0.8152368501264036,0.8145533149663027
2025-03-29 19:17:17.243,rf.nn.train.agent.a3,19,2025-03-29T18:17:16.120448Z,a3,1.110275,2,0.9947089947089947,0.018976736634489677,0.9918620271629093,0.9863339373588043,0.9890050968311458
2025-03-29 19:17:18.290,rf.nn.train.agent.a3,19,2025-03-29T18:17:17.247626Z,a3,1.032823,3,0.989159891598916,0.03417363033020091,0.988742147864797,0.9700132219154294,0.9790904215367282
2025-03-29 19:17:28.404,rf.nn.train.agent.a0,20,2025-03-29T18:17:26.533508Z,a0,1.848036,1,0.9896249615739318,0.036175669041629284,0.9825833659344662,0.980380284379861,0.9814763611697099
2025-03-29 19:17:30.449,rf.nn.train.agent.a0,20,2025-03-29T18:17:28.406612Z,a0,2.020693,2,0.983630494927759,0.05212682570017307,0.9833281101549985,0.9782055932604606,0.9807358093841347
2025-03-29 19:17:32.645,rf.nn.train.agent.a0,20,2025-03-29T18:17:30.451423Z,a0,2.171839,3,0.9766369505072241,0.07442853192418941,0.9650259521701237,0.966979725932706,0.9659914767128523
2025-03-29 19:17:34.609,rf.nn.train.agent.a1,20,2025-03-29T18:17:34.013593Z,a1,0.590129,1,0.9871641791044776,0.037634565341951594,0.477458705300555,0.41219383982486996,0.4343991295802331
2025-03-29 19:17:35.064,rf.nn.train.agent.a1,20,2025-03-29T18:17:34.612143Z,a1,0.445479,2,0.9925373134328358,0.021781850037292487,0.9869632914611828,0.9147967164050199,0.9466562285965943
2025-03-29 19:17:35.489,rf.nn.train.agent.a1,20,2025-03-29T18:17:35.066131Z,a1,0.4191,3,0.9970149253731343,0.00895965285044873,0.9959278883943972,0.9941414394856981,0.9950105549466164
2025-03-29 19:17:38.326,rf.nn.train.agent.a2,20,2025-03-29T18:17:36.379235Z,a2,1.921911,1,0.9948595169354271,0.017789941684420663,0.7474926828653208,0.7473854326571857,0.7474389218362538
2025-03-29 19:17:40.221,rf.nn.train.agent.a2,20,2025-03-29T18:17:38.328254Z,a2,1.869147,2,0.9849306386874164,0.046253320462382945,0.9837054014137071,0.970037327575127,0.9767171005241687
2025-03-29 19:17:42.129,rf.nn.train.agent.a2,20,2025-03-29T18:17:40.223549Z,a2,1.881845,3,0.9845785508062812,0.0440054691208462,0.9790074229504575,0.9598185350657605,0.9691019476592388
2025-03-29 19:17:44.451,rf.nn.train.agent.a3,20,2025-03-29T18:17:43.317539Z,a3,1.121619,1,0.9695444573493354,0.09383391276808693,0.7498545230240093,0.7648876349977245,0.7559627537923215
2025-03-29 19:17:45.427,rf.nn.train.agent.a3,20,2025-03-29T18:17:44.453688Z,a3,0.963565,2,0.9956123370757517,0.017000104372928336,0.9975448693435571,0.9855254772569434,0.9913499767498732
2025-03-29 19:17:46.396,rf.nn.train.agent.a3,20,2025-03-29T18:17:45.429680Z,a3,0.95258,3,0.9997419021809266,0.003246406321294645,0.9993962434833468,0.9999192506459949,0.999656982948475
2025-03-29 19:17:47.679,rf.nn.train.agent.a4,20,2025-03-29T18:17:47.419363Z,a4,0.255265,1,0.9644128113879004,0.11007292182316547,0.6110747716694994,0.7668336446482142,0.6648515118894558
2025-03-29 19:17:47.913,rf.nn.train.agent.a4,20,2025-03-29T18:17:47.681431Z,a4,0.2278,2,0.9851720047449585,0.035886097528075554,0.8823479409805812,0.8824517686548591,0.8823998302721707
2025-03-29 19:17:48.145,rf.nn.train.agent.a4,20,2025-03-29T18:17:47.915234Z,a4,0.226516,3,0.99644128113879,0.011685436482778486,0.9992004498142365,0.9932370548264589,0.9961304699174894
2025-03-29 19:17:57.274,rf.nn.train.agent.a3,21,2025-03-29T18:17:56.162376Z,a3,1.0979,1,0.966576332429991,0.10136279707521569,0.7918486438432163,0.8269956556160769,0.8065340549176068
2025-03-29 19:17:58.231,rf.nn.train.agent.a3,21,2025-03-29T18:17:57.276292Z,a3,0.946583,2,0.981029810298103,0.057943714993808,0.9707011751198316,0.9524017574878224,0.9611580652829355
2025-03-29 19:17:59.188,rf.nn.train.agent.a3,21,2025-03-29T18:17:58.235801Z,a3,0.943858,3,0.9859336688604982,0.044480499814824034,0.9736680996747508,0.9575163688762426,0.9653594240658947
2025-03-29 19:18:00.898,rf.nn.train.agent.a1,21,2025-03-29T18:18:00.425660Z,a1,0.46747,1,0.9898507462686568,0.03453463042138277,0.7760900786934396,0.7690391756264753,0.7725047779708499
2025-03-29 19:18:01.350,rf.nn.train.agent.a1,21,2025-03-29T18:18:00.901518Z,a1,0.44635,2,0.9985074626865672,0.006025903593399562,0.998675122519195,0.9981876896946986,0.9984310118234128
2025-03-29 19:18:01.793,rf.nn.train.agent.a1,21,2025-03-29T18:18:01.355298Z,a1,0.432017,3,0.9994029850746269,0.0023790000613406023,0.9998637602179837,0.9956677558764625,0.9977473747150067
2025-03-29 19:18:04.578,rf.nn.train.agent.a0,21,2025-03-29T18:18:02.720068Z,a0,1.840409,1,0.9917768213956348,0.029138205962825375,0.8249658710655866,0.8248391148977636,0.8249023954820064
2025-03-29 19:18:06.368,rf.nn.train.agent.a0,21,2025-03-29T18:18:04.578112Z,a0,1.769226,2,0.9884721795265908,0.03706442015528729,0.9861947726764442,0.9849579335825368,0.9855748376606911
2025-03-29 19:18:08.173,rf.nn.train.agent.a0,21,2025-03-29T18:18:06.377582Z,a0,1.769784,3,0.974869351367968,0.07504312934054186,0.9647774087071352,0.9589877158444444,0.9618475508512802
2025-03-29 19:18:09.567,rf.nn.train.agent.a4,21,2025-03-29T18:18:09.297311Z,a4,0.270287,1,0.9673784104389087,0.08511724715002479,0.6230083181609556,0.8188193079914934,0.6311491681512977
2025-03-29 19:18:09.847,rf.nn.train.agent.a4,21,2025-03-29T18:18:09.567598Z,a4,0.279563,2,0.9934756820877817,0.02342955972823613,0.9983367470201547,0.9954383160784926,0.9968657159304565
2025-03-29 19:18:10.117,rf.nn.train.agent.a4,21,2025-03-29T18:18:09.847161Z,a4,0.265686,3,0.9988137603795967,0.005333476927228061,0.9996214272193831,0.9997897613791653,0.9997051717401546
2025-03-29 19:18:13.057,rf.nn.train.agent.a2,21,2025-03-29T18:18:11.025847Z,a2,2.007691,1,0.9969016266460109,0.013025589493892013,0.9900708988497503,0.9938876518901062,0.9919559291502867
2025-03-29 19:18:15.069,rf.nn.train.agent.a2,21,2025-03-29T18:18:13.057527Z,a2,1.979972,2,0.9935920005633406,0.022458145556549163,0.9917397013642472,0.9897585340809943,0.9906709004753936
2025-03-29 19:18:17.052,rf.nn.train.agent.a2,21,2025-03-29T18:18:15.072391Z,a2,1.954962,3,0.9798605731990705,0.061572012502405384,0.9863303001580586,0.9665084358047675,0.9760970252098535
2025-03-29 19:18:25.734,rf.nn.train.agent.a4,22,2025-03-29T18:18:25.418692Z,a4,0.314348,1,0.9988137603795967,0.013495314066772754,0.9442548350398181,0.9997897613791653,0.9627628584449677
2025-03-29 19:18:25.945,rf.nn.train.agent.a4,22,2025-03-29T18:18:25.737715Z,a4,0.199991,2,1.0,0.0020242966766434037,1.0,1.0,1.0
2025-03-29 19:18:26.165,rf.nn.train.agent.a4,22,2025-03-29T18:18:25.947571Z,a4,0.21374,3,1.0,0.0011283266465157656,1.0,1.0,1.0
2025-03-29 19:18:28.867,rf.nn.train.agent.a2,22,2025-03-29T18:18:27.017257Z,a2,1.825021,1,0.9868319132455461,0.04153753286133193,0.6454925401700986,0.6394455226496807,0.6423073388819586
2025-03-29 19:18:30.759,rf.nn.train.agent.a2,22,2025-03-29T18:18:28.867153Z,a2,1.86655,2,0.9880994296176325,0.03745618467881876,0.9652455368045252,0.9801405232079502,0.9723119167882058
2025-03-29 19:18:32.717,rf.nn.train.agent.a2,22,2025-03-29T18:18:30.762336Z,a2,1.927885,3,0.9848602211111893,0.04267749628074402,0.9758384553302174,0.9739883377852984,0.9748377625902739
2025-03-29 19:18:35.684,rf.nn.train.agent.a0,22,2025-03-29T18:18:33.920098Z,a0,1.741345,1,0.9823240086074393,0.05751585613287464,0.609292868680047,0.6117401941818074,0.6104987192154373
2025-03-29 19:18:37.498,rf.nn.train.agent.a0,22,2025-03-29T18:18:35.685839Z,a0,1.794182,2,0.9914694128496773,0.027904528433657812,0.985424599804694,0.9885642559311563,0.9869755202929029
2025-03-29 19:18:39.450,rf.nn.train.agent.a0,22,2025-03-29T18:18:37.501891Z,a0,1.925434,3,0.969797110359668,0.08299373086319929,0.9566759489171733,0.9555224221557184,0.9560977453696339
2025-03-29 19:18:41.834,rf.nn.train.agent.a3,22,2025-03-29T18:18:40.712693Z,a3,1.109261,1,0.9944508968899213,0.020385053258752374,0.857691170658415,0.871736514632584,0.864211437988596
2025-03-29 19:18:43.021,rf.nn.train.agent.a3,22,2025-03-29T18:18:41.837337Z,a3,1.172277,2,0.9935475545231642,0.019225065074014884,0.9935150406695418,0.9764426814191722,0.9842604328114043
2025-03-29 19:18:44.120,rf.nn.train.agent.a3,22,2025-03-29T18:18:43.024625Z,a3,1.083677,3,0.9901922828752097,0.030013196250081132,0.981413526638533,0.9817541969195038,0.9814847833184032
2025-03-29 19:18:45.790,rf.nn.train.agent.a1,22,2025-03-29T18:18:45.277408Z,a1,0.509886,1,0.982089552238806,0.053955412282985414,0.40457763509656536,0.38693143067485486,0.394967963814214
2025-03-29 19:18:46.303,rf.nn.train.agent.a1,22,2025-03-29T18:18:45.793742Z,a1,0.504317,2,0.9973134328358209,0.00846653299134535,0.9944741013803847,0.9835838429640992,0.9888673519781446
2025-03-29 19:18:46.857,rf.nn.train.agent.a1,22,2025-03-29T18:18:46.306812Z,a1,0.546942,3,0.9997014925373134,0.001962638058077053,0.9999318568994889,0.9962264150943396,0.9980611607396408
2025-03-29 19:18:54.416,rf.nn.train.agent.a4,23,2025-03-29T18:18:54.191604Z,a4,0.221237,1,0.9916963226571768,0.03365678591697635,0.8322151132002931,0.9947837012958425,0.8772300763488773
2025-03-29 19:18:54.627,rf.nn.train.agent.a4,23,2025-03-29T18:18:54.417344Z,a4,0.207245,2,1.0,0.004068380958655462,1.0,1.0,1.0
2025-03-29 19:18:54.845,rf.nn.train.agent.a4,23,2025-03-29T18:18:54.627334Z,a4,0.215459,3,1.0,0.0018271182327122726,1.0,1.0,1.0
2025-03-29 19:18:57.827,rf.nn.train.agent.a0,23,2025-03-29T18:18:55.991898Z,a0,1.815399,1,0.985013833384568,0.04987483835951894,0.5412037181665806,0.5424990003581222,0.54184053288793
2025-03-29 19:18:59.621,rf.nn.train.agent.a0,23,2025-03-29T18:18:57.830852Z,a0,1.769859,2,0.9873193974792499,0.03619253505519031,0.9851334832978431,0.9847175582940618,0.9849248972540027
2025-03-29 19:19:01.437,rf.nn.train.agent.a0,23,2025-03-29T18:18:59.624121Z,a0,1.793302,3,0.980325853058715,0.058290323777569354,0.9710549077355513,0.9721461728710429,0.9715990306121636
2025-03-29 19:19:04.801,rf.nn.train.agent.a2,23,2025-03-29T18:19:02.657344Z,a2,2.120138,1,0.9976762199845082,0.010156542518506374,0.74888076174292,0.7458096562163441,0.7473262737161668
2025-03-29 19:19:07.161,rf.nn.train.agent.a2,23,2025-03-29T18:19:04.803783Z,a2,2.333352,2,0.9976058024082811,0.009245572887012459,0.9983725297362692,0.9983607388444123,0.9983665593875801
2025-03-29 19:19:09.353,rf.nn.train.agent.a2,23,2025-03-29T18:19:07.167381Z,a2,2.161983,3,0.9754242658967678,0.07089453982421177,0.9621713215973554,0.9694159955352551,0.9657050130633724
2025-03-29 19:19:12.057,rf.nn.train.agent.a3,23,2025-03-29T18:19:10.782290Z,a3,1.264475,1,0.9820622015743967,0.060232829574245,0.910125038218616,0.9416302646594643,0.92371980614548
2025-03-29 19:19:13.243,rf.nn.train.agent.a3,23,2025-03-29T18:19:12.062614Z,a3,1.166336,2,0.9861917666795715,0.04353884350517554,0.9793078900592987,0.9700040034414167,0.9745615854654268
2025-03-29 19:19:14.477,rf.nn.train.agent.a3,23,2025-03-29T18:19:13.245121Z,a3,1.222462,3,0.9883855981416957,0.03315414842969111,0.9746835136942862,0.9587766005838717,0.9663563274780655
2025-03-29 19:19:16.241,rf.nn.train.agent.a1,23,2025-03-29T18:19:15.694010Z,a1,0.547012,1,0.9811940298507462,0.05918242789120129,0.4416428179663474,0.5590261027198342,0.4763430416656223
2025-03-29 19:19:16.757,rf.nn.train.agent.a1,23,2025-03-29T18:19:16.248413Z,a1,0.501408,2,0.9940298507462687,0.022376762741138614,0.9911167296520539,0.9734612046520947,0.9818311945886823
2025-03-29 19:19:17.259,rf.nn.train.agent.a1,23,2025-03-29T18:19:16.757554Z,a1,0.497017,3,0.9970149253731343,0.007722263801804816,0.9936509465936559,0.9936509465936559,0.9936509465936559
2025-03-29 19:19:25.851,rf.nn.train.agent.a1,24,2025-03-29T18:19:25.230665Z,a1,0.616584,1,0.997910447761194,0.008374389601470154,0.8317662113711499,0.8317094642025239,0.8317378329507052
2025-03-29 19:19:26.358,rf.nn.train.agent.a1,24,2025-03-29T18:19:25.853774Z,a1,0.50054,2,1.0,0.0006633607167021269,1.0,1.0,1.0
2025-03-29 19:19:26.861,rf.nn.train.agent.a1,24,2025-03-29T18:19:26.358720Z,a1,0.494443,3,1.0,0.0004156008103780637,1.0,1.0,1.0
2025-03-29 19:19:29.084,rf.nn.train.agent.a3,24,2025-03-29T18:19:27.924538Z,a3,1.146365,1,0.9930313588850174,0.024869325227744172,0.8623174535552632,0.879335743897965,0.8703123199842724
2025-03-29 19:19:30.256,rf.nn.train.agent.a3,24,2025-03-29T18:19:29.087613Z,a3,1.154612,2,0.9858046199509615,0.04110243458123212,0.975715583512567,0.9804526072263235,0.9779151406372932
2025-03-29 19:19:31.394,rf.nn.train.agent.a3,24,2025-03-29T18:19:30.257670Z,a3,1.119592,3,0.9872241579558653,0.04263870331167469,0.9782960753852249,0.9757930039437094,0.9767922231712718
2025-03-29 19:19:34.657,rf.nn.train.agent.a2,24,2025-03-29T18:19:32.539015Z,a2,2.092764,1,0.9926061544961623,0.023240181970584934,0.5949400803596692,0.5934212227279709,0.5941336954762118
2025-03-29 19:19:36.777,rf.nn.train.agent.a2,24,2025-03-29T18:19:34.657454Z,a2,2.09977,2,0.9985212308992325,0.005953869959534836,0.9989968227997751,0.9949867614319913,0.9969666823511764
2025-03-29 19:19:39.007,rf.nn.train.agent.a2,24,2025-03-29T18:19:36.777320Z,a2,2.200052,3,0.9769030349975354,0.0707098507312342,0.9786762827186583,0.9802993456998634,0.9794115974641624
2025-03-29 19:19:42.514,rf.nn.train.agent.a0,24,2025-03-29T18:19:40.417571Z,a0,2.073661,1,0.9882416231171226,0.040098165996837215,0.6142322088603268,0.6152305426018896,0.6147282894738993
2025-03-29 19:19:44.547,rf.nn.train.agent.a0,24,2025-03-29T18:19:42.517475Z,a0,2.009944,2,0.9859360590224409,0.04315046011270035,0.9803307388016995,0.9814860830345442,0.9809024888023714
2025-03-29 19:19:46.470,rf.nn.train.agent.a0,24,2025-03-29T18:19:44.547556Z,a0,1.900042,3,0.9795573316938211,0.0600268820306991,0.9747619091128117,0.971253615704937,0.9729947541017889
2025-03-29 19:19:48.187,rf.nn.train.agent.a4,24,2025-03-29T18:19:47.856001Z,a4,0.331411,1,0.972123368920522,0.09556526597589254,0.513956492565616,0.6530804405307717,0.5401002856628991
2025-03-29 19:19:48.523,rf.nn.train.agent.a4,24,2025-03-29T18:19:48.193777Z,a4,0.323817,2,0.998220640569395,0.01212587068626165,0.8885744234800838,0.8885090218423551,0.8885411746181704
2025-03-29 19:19:48.842,rf.nn.train.agent.a4,24,2025-03-29T18:19:48.523122Z,a4,0.315897,3,1.0,0.0034151289415466687,1.0,1.0,1.0
2025-03-29 19:19:58.357,rf.nn.train.agent.a0,25,2025-03-29T18:19:56.510297Z,a0,1.827274,1,0.9940055333538272,0.02461865815113491,0.709618700941168,0.709169364018419,0.7093931728154702
2025-03-29 19:20:00.231,rf.nn.train.agent.a0,25,2025-03-29T18:19:58.357550Z,a0,1.85199,2,0.9817860436520135,0.057304027504136774,0.9703275402429903,0.9671081335128318,0.9687066599971264
2025-03-29 19:20:02.163,rf.nn.train.agent.a0,25,2025-03-29T18:20:00.231513Z,a0,1.91051,3,0.9784045496464802,0.06209171769344786,0.9740947709709149,0.97334655326877,0.9737188704677806
2025-03-29 19:20:04.973,rf.nn.train.agent.a3,25,2025-03-29T18:20:03.663481Z,a3,1.300335,1,0.994579945799458,0.021915052430689863,0.8292006760756283,0.8540391401693961,0.8399928826065338
2025-03-29 19:20:06.257,rf.nn.train.agent.a3,25,2025-03-29T18:20:04.977384Z,a3,1.266208,2,0.9985804619950961,0.008522128568576082,0.9985286607004024,0.9887730187008543,0.9934769489852004
2025-03-29 19:20:07.451,rf.nn.train.agent.a3,25,2025-03-29T18:20:06.259143Z,a3,1.178134,3,0.9930313588850174,0.023152344073404878,0.9858030244268501,0.9832214772470808,0.9844878062163984
2025-03-29 19:20:08.870,rf.nn.train.agent.a4,25,2025-03-29T18:20:08.580920Z,a4,0.286546,1,0.9916963226571768,0.03135789003012315,0.7692700539614261,0.9979346301642108,0.841008353980052
2025-03-29 19:20:09.126,rf.nn.train.agent.a4,25,2025-03-29T18:20:08.873512Z,a4,0.249237,2,0.9958481613285883,0.012427613308284222,0.9988443406036249,0.9990945364013797,0.9989684923965352
2025-03-29 19:20:09.385,rf.nn.train.agent.a4,25,2025-03-29T18:20:09.129194Z,a4,0.253631,3,0.994661921708185,0.01608736561732103,0.9987138652234336,0.9986298551419964,0.9986717547680727
2025-03-29 19:20:10.971,rf.nn.train.agent.a1,25,2025-03-29T18:20:10.403741Z,a1,0.562163,1,0.9886567164179104,0.03721835272666621,0.5150494328512905,0.5106855044850597,0.5128203804903396
2025-03-29 19:20:11.530,rf.nn.train.agent.a1,25,2025-03-29T18:20:10.973491Z,a1,0.553839,2,0.9925373134328358,0.018850791338662107,0.8900549795657244,0.9812936714101432,0.9189329838633735
2025-03-29 19:20:12.092,rf.nn.train.agent.a1,25,2025-03-29T18:20:11.533379Z,a1,0.55605,3,0.9925373134328358,0.022675601707028578,0.8270808716875541,0.7796314576732049,0.8003191814684332
2025-03-29 19:20:15.477,rf.nn.train.agent.a2,25,2025-03-29T18:20:13.210826Z,a2,2.239666,1,0.9967607914935568,0.01322312893764549,0.8519462687548661,0.8501694054353301,0.8509906269143056
2025-03-29 19:20:17.633,rf.nn.train.agent.a2,25,2025-03-29T18:20:15.479791Z,a2,2.127458,2,0.9952820223927893,0.013445054471991203,0.9968083341626821,0.9967949623341146,0.9968016013509934
2025-03-29 19:20:19.777,rf.nn.train.agent.a2,25,2025-03-29T18:20:17.635212Z,a2,2.119804,3,0.9795789028941624,0.06242217593048613,0.968219607652403,0.9682472642473158,0.9682324454783856
2025-03-29 19:20:29.714,rf.nn.train.agent.a0,26,2025-03-29T18:20:27.669913Z,a0,2.023029,1,0.986935136796803,0.04064361249564069,0.5457552241401477,0.5445644362636801,0.5451560941675915
2025-03-29 19:20:31.740,rf.nn.train.agent.a0,26,2025-03-29T18:20:29.717418Z,a0,2.00006,2,0.9952351675376575,0.015589383695859814,0.9945466650963646,0.995475031529385,0.9950095980867806
2025-03-29 19:20:33.792,rf.nn.train.agent.a0,26,2025-03-29T18:20:31.740207Z,a0,2.02746,3,0.9764063940977559,0.0696428730879428,0.9690231039593209,0.9703724404782603,0.9696925133247071
2025-03-29 19:20:35.681,rf.nn.train.agent.a4,26,2025-03-29T18:20:35.389357Z,a4,0.292497,1,0.9691577698695136,0.09507917285949555,0.5228773576228503,0.6830866263978846,0.5721040595108857
2025-03-29 19:20:35.942,rf.nn.train.agent.a4,26,2025-03-29T18:20:35.687553Z,a4,0.25486,2,0.9970344009489917,0.01497959668357101,0.9993898002262134,0.9991351465965153,0.9992615196746765
2025-03-29 19:20:36.199,rf.nn.train.agent.a4,26,2025-03-29T18:20:35.947554Z,a4,0.250017,3,1.0,0.0024987555607024333,1.0,1.0,1.0
2025-03-29 19:20:39.309,rf.nn.train.agent.a2,26,2025-03-29T18:20:37.178689Z,a2,2.110732,1,0.9964791211886487,0.012068560186652338,0.6574497867776832,0.6597404499934156,0.6585796079876292
2025-03-29 19:20:41.360,rf.nn.train.agent.a2,26,2025-03-29T18:20:39.318355Z,a2,2.017143,2,0.9952116048165622,0.018080580320529734,0.996752795449711,0.9967470012624985,0.9967497913031691
2025-03-29 19:20:43.667,rf.nn.train.agent.a2,26,2025-03-29T18:20:41.360243Z,a2,2.280487,3,0.9809168368424759,0.05795019249496552,0.8289335925192576,0.8256209026450338,0.8272564593690908
2025-03-29 19:20:45.683,rf.nn.train.agent.a1,26,2025-03-29T18:20:45.093019Z,a1,0.584563,1,0.9955223880597015,0.01951312453221319,0.702291683283194,0.6969742913210274,0.6995849354257943
2025-03-29 19:20:46.253,rf.nn.train.agent.a1,26,2025-03-29T18:20:45.684229Z,a1,0.563299,2,0.9997014925373134,0.0011937826177537707,0.9994428969359331,0.9999318336741648,0.9996869709998887
2025-03-29 19:20:46.812,rf.nn.train.agent.a1,26,2025-03-29T18:20:46.255596Z,a1,0.551675,3,1.0,0.0004153439346607359,1.0,1.0,1.0
2025-03-29 19:20:49.231,rf.nn.train.agent.a3,26,2025-03-29T18:20:47.898104Z,a3,1.321705,1,0.9703187508065557,0.08727583229597351,0.8223702995569442,0.8357380967847137,0.8284561423263863
2025-03-29 19:20:50.407,rf.nn.train.agent.a3,26,2025-03-29T18:20:49.237331Z,a3,1.157554,2,0.9860627177700348,0.04273917598748309,0.9864003037467535,0.9789037533089113,0.9825566903597449
2025-03-29 19:20:51.417,rf.nn.train.agent.a3,26,2025-03-29T18:20:50.411454Z,a3,0.992413,3,0.9908375274228933,0.025566388811682595,0.9882231776517342,0.9822860117510067,0.985165269729777
2025-03-29 19:21:01.133,rf.nn.train.agent.a2,27,2025-03-29T18:20:59.350388Z,a2,1.760723,1,0.9980987254418703,0.008336265402323153,0.9948110823259295,0.998724630341218,0.9967439053169805
2025-03-29 19:21:02.929,rf.nn.train.agent.a2,27,2025-03-29T18:21:01.135791Z,a2,1.769793,2,0.9964791211886487,0.010633625507823027,0.8517779644499054,0.8500222273666196,0.8508331312634191
2025-03-29 19:21:04.823,rf.nn.train.agent.a2,27,2025-03-29T18:21:02.933525Z,a2,1.863838,3,0.9709879585944652,0.07997325010279661,0.974516564537045,0.9744480718909728,0.9744817572336743
2025-03-29 19:21:06.369,rf.nn.train.agent.a4,27,2025-03-29T18:21:06.100299Z,a4,0.267071,1,0.9762752075919335,0.07521674161741757,0.5328981989780451,0.8563129806176164,0.624880150316488
2025-03-29 19:21:06.617,rf.nn.train.agent.a4,27,2025-03-29T18:21:06.373386Z,a4,0.240193,2,0.9887307236061684,0.039404522678111946,0.9916830070714353,0.9972394051864251,0.9943820749469272
2025-03-29 19:21:06.859,rf.nn.train.agent.a4,27,2025-03-29T18:21:06.619097Z,a4,0.236678,3,0.9988137603795967,0.005153871201503723,0.9997049471663159,0.9997049471663159,0.9997049471663159
2025-03-29 19:21:08.891,rf.nn.train.agent.a3,27,2025-03-29T18:21:07.787301Z,a3,1.091992,1,0.9969028261711188,0.013872629380844813,0.8733545242584697,0.8911562921132994,0.8818881394492776
2025-03-29 19:21:09.963,rf.nn.train.agent.a3,27,2025-03-29T18:21:08.893917Z,a3,1.059606,2,0.9993547554523164,0.0037104080349847747,0.9998228472084681,0.9987461011928066,0.9992814296885881
2025-03-29 19:21:11.059,rf.nn.train.agent.a3,27,2025-03-29T18:21:09.965279Z,a3,1.084288,3,0.9998709510904633,0.001383923531180332,0.9999719487222644,0.9999596253229974,0.9999657815835162
2025-03-29 19:21:14.163,rf.nn.train.agent.a0,27,2025-03-29T18:21:12.282395Z,a0,1.861104,1,0.9900860743928681,0.03218609198356672,0.4931791030251761,0.49290812115907123,0.49304188709497004
2025-03-29 19:21:16.043,rf.nn.train.agent.a0,27,2025-03-29T18:21:14.165263Z,a0,1.858702,2,0.9973870273593606,0.010145971859702028,0.9979045788136064,0.9980261494676803,0.997965129610612
2025-03-29 19:21:17.865,rf.nn.train.agent.a0,27,2025-03-29T18:21:16.045503Z,a0,1.799556,3,0.974869351367968,0.07828636315632431,0.9721599783187875,0.9695407248497702,0.970839307509214
2025-03-29 19:21:19.605,rf.nn.train.agent.a1,27,2025-03-29T18:21:19.087847Z,a1,0.51143,1,0.9967164179104477,0.016637919513942463,0.8542699552028881,0.9967977059556044,0.9066260771796708
2025-03-29 19:21:20.099,rf.nn.train.agent.a1,27,2025-03-29T18:21:19.607277Z,a1,0.486252,2,0.9940298507462687,0.020711870461863804,0.944304409165048,0.9410754780929725,0.9426715943626898
2025-03-29 19:21:20.637,rf.nn.train.agent.a1,27,2025-03-29T18:21:20.101423Z,a1,0.530284,3,0.9961194029850746,0.013180915961025415,0.9961616537586074,0.9956803875198501,0.9959206307408728
2025-03-29 19:21:31.071,rf.nn.train.agent.a2,28,2025-03-29T18:21:28.724475Z,a2,2.322713,1,0.9978874727131892,0.008590008627006764,0.8510934499824216,0.8559109490490447,0.8534589611155251
2025-03-29 19:21:33.197,rf.nn.train.agent.a2,28,2025-03-29T18:21:31.077584Z,a2,2.095027,2,0.999788747271319,0.0013420491533859785,0.99985273578298,0.9998532396683969,0.9998529805237668
2025-03-29 19:21:35.127,rf.nn.train.agent.a2,28,2025-03-29T18:21:33.197470Z,a2,1.903579,3,0.999859164847546,0.001082441716849021,0.999901986865433,0.999901986865433,0.999901986865433
2025-03-29 19:21:36.517,rf.nn.train.agent.a4,28,2025-03-29T18:21:36.270103Z,a4,0.243517,1,0.9756820877817319,0.08026963325419445,0.7049871699975327,0.7949943801599431,0.7315347141014161
2025-03-29 19:21:36.747,rf.nn.train.agent.a4,28,2025-03-29T18:21:36.519829Z,a4,0.227671,2,0.9970344009489917,0.010789234510223154,0.9965777097852571,0.962288043082745,0.9757076492214858
2025-03-29 19:21:36.987,rf.nn.train.agent.a4,28,2025-03-29T18:21:36.752589Z,a4,0.234716,3,0.9988137603795967,0.003663227637655339,0.9997901584303851,0.9996201329534663,0.9997047212943061
2025-03-29 19:21:38.862,rf.nn.train.agent.a3,28,2025-03-29T18:21:37.854759Z,a3,0.995289,1,0.9774164408310749,0.06936350207078297,0.9082667900934285,0.9124907360116511,0.9102017286875382
2025-03-29 19:21:39.851,rf.nn.train.agent.a3,28,2025-03-29T18:21:38.862833Z,a3,0.974597,2,0.9750935604594141,0.07071464813224312,0.9540008994853528,0.9417434462984381,0.94743473960194
2025-03-29 19:21:41.013,rf.nn.train.agent.a3,28,2025-03-29T18:21:39.853198Z,a3,1.150637,3,0.9885146470512324,0.04086000695134156,0.9739243847644276,0.9791427661899006,0.9764492913293792
2025-03-29 19:21:43.861,rf.nn.train.agent.a0,28,2025-03-29T18:21:42.096750Z,a0,1.744146,1,0.9947740547187212,0.019182313058847968,0.823862711777071,0.826030000781973,0.824937339953085
2025-03-29 19:21:45.668,rf.nn.train.agent.a0,28,2025-03-29T18:21:43.861673Z,a0,1.778891,2,0.995696280356594,0.012780623181421615,0.9951789661401749,0.9947994794888866,0.9949871675658148
2025-03-29 19:21:47.441,rf.nn.train.agent.a0,28,2025-03-29T18:21:45.672390Z,a0,1.750189,3,0.9770980633261604,0.0707604840674357,0.9713763848265291,0.9715424572900098,0.9714564426897961
2025-03-29 19:21:49.249,rf.nn.train.agent.a1,28,2025-03-29T18:21:48.749472Z,a1,0.492176,1,0.9814925373134329,0.0574204533608974,0.5925738802096779,0.5498051602239178,0.5686229353567857
2025-03-29 19:21:49.714,rf.nn.train.agent.a1,28,2025-03-29T18:21:49.251422Z,a1,0.455968,2,0.9991044776119403,0.003973129027855023,0.9997957099080693,0.9951090966585854,0.9974328167649278
2025-03-29 19:21:50.212,rf.nn.train.agent.a1,28,2025-03-29T18:21:49.717556Z,a1,0.488383,3,1.0,0.0008987310115073688,1.0,1.0,1.0
2025-03-29 19:21:59.652,rf.nn.train.agent.a0,29,2025-03-29T18:21:57.767556Z,a0,1.865101,1,0.991623117122656,0.027783149609934877,0.548433436574609,0.5494449524021282,0.5489361852533029
2025-03-29 19:22:01.477,rf.nn.train.agent.a0,29,2025-03-29T18:21:59.652338Z,a0,1.805326,2,0.9925453427605287,0.023924494068990963,0.9883274289855997,0.9853031330013943,0.9868042699255752
2025-03-29 19:22:03.247,rf.nn.train.agent.a0,29,2025-03-29T18:22:01.477280Z,a0,1.742179,3,0.9784045496464802,0.06619715263580227,0.8044459801685794,0.8062520436189268,0.8053308521108072
2025-03-29 19:22:05.596,rf.nn.train.agent.a3,29,2025-03-29T18:22:04.577511Z,a3,1.006865,1,0.9785778810169055,0.06915898526890094,0.7562748345982008,0.8074971881704757,0.7726233999411936
2025-03-29 19:22:06.589,rf.nn.train.agent.a3,29,2025-03-29T18:22:05.597718Z,a3,0.979774,2,0.999096657633243,0.0057160535425151435,0.9997545020684766,0.9905548062142309,0.994982839967159
2025-03-29 19:22:07.598,rf.nn.train.agent.a3,29,2025-03-29T18:22:06.589260Z,a3,0.99812,3,0.9997419021809266,0.0017627184887239642,0.9997773512513733,0.9999315669616057,0.9998543701662042
2025-03-29 19:22:10.554,rf.nn.train.agent.a2,29,2025-03-29T18:22:08.612611Z,a2,1.917327,1,0.9636645306668544,0.10884636215763879,0.630645683638557,0.6290106084033682,0.6297338338556036
2025-03-29 19:22:12.427,rf.nn.train.agent.a2,29,2025-03-29T18:22:10.557224Z,a2,1.845459,2,0.9880994296176325,0.03451234188374197,0.9726198764226366,0.9780411437396389,0.9752812892392176
2025-03-29 19:22:14.447,rf.nn.train.agent.a2,29,2025-03-29T18:22:12.427400Z,a2,1.999967,3,0.9832406168579677,0.0492638411628627,0.9809466029601825,0.982718980265623,0.9816862221724626
2025-03-29 19:22:15.977,rf.nn.train.agent.a4,29,2025-03-29T18:22:15.697740Z,a4,0.279673,1,0.9887307236061684,0.037441683968283096,0.7155790830820331,0.8975917974593471,0.7601544866690564
2025-03-29 19:22:16.234,rf.nn.train.agent.a4,29,2025-03-29T18:22:15.981854Z,a4,0.245677,2,0.9994068801897983,0.0038178130750377436,0.9998103905953736,0.9998948806895827,0.9998525298075922
2025-03-29 19:22:16.477,rf.nn.train.agent.a4,29,2025-03-29T18:22:16.237222Z,a4,0.239955,3,1.0,0.0015990856860847791,1.0,1.0,1.0
2025-03-29 19:22:17.857,rf.nn.train.agent.a1,29,2025-03-29T18:22:17.368873Z,a1,0.484095,1,0.997910447761194,0.007488790076864201,0.8234935713877172,0.8259425106461832,0.8247038332560237
2025-03-29 19:22:18.317,rf.nn.train.agent.a1,29,2025-03-29T18:22:17.859218Z,a1,0.453459,2,0.9997014925373134,0.0012080674468485258,0.9994428969359331,0.9999318336741648,0.9996869709998887
2025-03-29 19:22:18.797,rf.nn.train.agent.a1,29,2025-03-29T18:22:18.319891Z,a1,0.474278,3,0.9997014925373134,0.0009722972043315774,0.9999318568994889,0.95,0.9713944940729743
2025-03-29 19:22:27.988,rf.nn.train.agent.a3,30,2025-03-29T18:22:26.890599Z,a3,1.086622,1,0.9894179894179894,0.03202825712187143,0.8119907990793489,0.8657831383959576,0.8328008008251242
2025-03-29 19:22:29.004,rf.nn.train.agent.a3,30,2025-03-29T18:22:27.990104Z,a3,0.997337,2,0.9825783972125436,0.05426177385906543,0.9557856721522424,0.972023566577841,0.9635845358661693
2025-03-29 19:22:30.007,rf.nn.train.agent.a3,30,2025-03-29T18:22:29.007374Z,a3,0.990066,3,0.979223125564589,0.07267912355030756,0.951758011991939,0.948419026585552,0.949944701206369
2025-03-29 19:22:31.472,rf.nn.train.agent.a1,30,2025-03-29T18:22:31.011693Z,a1,0.455575,1,0.9952238805970149,0.012976046800555368,0.6218561914292314,0.5537296525816657,0.577329587976805
2025-03-29 19:22:31.907,rf.nn.train.agent.a1,30,2025-03-29T18:22:31.474508Z,a1,0.430452,2,0.9961194029850746,0.011876261617068113,0.9535022223795263,0.992465461832067,0.9707600668011743
2025-03-29 19:22:32.340,rf.nn.train.agent.a1,30,2025-03-29T18:22:31.912614Z,a1,0.427959,3,0.9982089552238806,0.005741983574894437,0.9916866727628457,0.9907086862092129,0.9911960958083853
2025-03-29 19:22:35.096,rf.nn.train.agent.a2,30,2025-03-29T18:22:33.264501Z,a2,1.802908,1,0.9990845715090486,0.004867200698332487,0.7465883696383537,0.7465199637049116,0.7465541511010417
2025-03-29 19:22:36.913,rf.nn.train.agent.a2,30,2025-03-29T18:22:35.099312Z,a2,1.788989,2,1.0,0.0006699189788714075,1.0,1.0,1.0
2025-03-29 19:22:38.784,rf.nn.train.agent.a2,30,2025-03-29T18:22:36.917326Z,a2,1.840074,3,0.999929582423773,0.0005139758337609155,0.9999576235274176,0.9959349593495935,0.9979211959009938
2025-03-29 19:22:40.234,rf.nn.train.agent.a4,30,2025-03-29T18:22:39.972756Z,a4,0.255318,1,0.9786476868327402,0.06609838443614964,0.6556700680186976,0.847344838956318,0.6821937720933936
2025-03-29 19:22:40.467,rf.nn.train.agent.a4,30,2025-03-29T18:22:40.237480Z,a4,0.226951,2,0.9976275207591934,0.010232257932964887,0.9994098943326316,0.9994098943326316,0.9994098943326316
2025-03-29 19:22:40.690,rf.nn.train.agent.a4,30,2025-03-29T18:22:40.471662Z,a4,0.219069,3,1.0,0.0018307773927929549,1.0,1.0,1.0
2025-03-29 19:22:43.367,rf.nn.train.agent.a0,30,2025-03-29T18:22:41.630390Z,a0,1.719133,1,0.9976944359053181,0.01140245133338019,0.9962733892594603,0.9970767350091254,0.9966737966385957
2025-03-29 19:22:45.107,rf.nn.train.agent.a0,30,2025-03-29T18:22:43.372997Z,a0,1.715682,2,0.9940055333538272,0.02096600867185029,0.9929824926062116,0.9908147695297996,0.9918935151497562
2025-03-29 19:22:46.837,rf.nn.train.agent.a0,30,2025-03-29T18:22:45.107228Z,a0,1.710049,3,0.975637872732862,0.07701056043909753,0.9677793971493,0.9659670259007527,0.9668692968538763
2025-03-29 19:22:55.417,rf.nn.train.agent.a4,31,2025-03-29T18:22:55.096489Z,a4,0.320911,1,0.9620403321470937,0.10408987755720275,0.60082935325414,0.7507668453694943,0.6393182004001615
2025-03-29 19:22:55.717,rf.nn.train.agent.a4,31,2025-03-29T18:22:55.417400Z,a4,0.289769,2,0.9958481613285883,0.013092205366602976,0.9712542396380068,0.9990945364013797,0.9831897154688707
2025-03-29 19:22:56.027,rf.nn.train.agent.a4,31,2025-03-29T18:22:55.717295Z,a4,0.310058,3,0.9994068801897983,0.003375395959493581,0.9998949800462087,0.9998100664767331,0.9998524171964525
2025-03-29 19:22:58.283,rf.nn.train.agent.a3,31,2025-03-29T18:22:57.057387Z,a3,1.21172,1,0.9959994838043619,0.015039281674431745,0.8743126186210984,0.8958131803933839,0.8846514270073096
2025-03-29 19:22:59.457,rf.nn.train.agent.a3,31,2025-03-29T18:22:58.287584Z,a3,1.159534,2,0.9980642663569493,0.0070619600972746605,0.9978981372588626,0.9901018843325554,0.9938254167228207
2025-03-29 19:23:00.674,rf.nn.train.agent.a3,31,2025-03-29T18:22:59.461264Z,a3,1.196274,3,0.9979352174474125,0.006804673023686702,0.9901395674224737,0.9969805143074006,0.9933994895976702
2025-03-29 19:23:03.817,rf.nn.train.agent.a0,31,2025-03-29T18:23:01.848230Z,a0,1.949285,1,0.9917768213956348,0.02511611338936511,0.6174525730555072,0.6184630983090271,0.6179503849186007
2025-03-29 19:23:05.712,rf.nn.train.agent.a0,31,2025-03-29T18:23:03.817216Z,a0,1.869965,2,0.9976175837688288,0.009278127584091442,0.997845451499115,0.9976243049356718,0.9977347351701191
2025-03-29 19:23:07.614,rf.nn.train.agent.a0,31,2025-03-29T18:23:05.714809Z,a0,1.873887,3,0.9797878881032893,0.05987765183211796,0.9737556104470189,0.9768994106794162,0.9753083563743334
2025-03-29 19:23:11.071,rf.nn.train.agent.a2,31,2025-03-29T18:23:08.848915Z,a2,2.198479,1,0.9720442222378706,0.08651060672855237,0.6280621910243963,0.6102321294891638,0.6187069167057483
2025-03-29 19:23:13.153,rf.nn.train.agent.a2,31,2025-03-29T18:23:11.073088Z,a2,2.055669,2,0.981268924723611,0.05342756620872958,0.9575757142480467,0.9575570074357422,0.9575656305296517
2025-03-29 19:23:15.221,rf.nn.train.agent.a2,31,2025-03-29T18:23:13.153892Z,a2,2.043397,3,0.9890148581085839,0.03217401774316648,0.9884398944596469,0.9786173664214514,0.9834498327731939
2025-03-29 19:23:16.982,rf.nn.train.agent.a1,31,2025-03-29T18:23:16.448506Z,a1,0.528398,1,0.9973134328358209,0.008194285918510841,0.7487849717180755,0.8227410512866037,0.771736729982298
2025-03-29 19:23:17.467,rf.nn.train.agent.a1,31,2025-03-29T18:23:16.984985Z,a1,0.476413,2,1.0,0.0010719325624190138,1.0,1.0,1.0
2025-03-29 19:23:17.963,rf.nn.train.agent.a1,31,2025-03-29T18:23:17.467332Z,a1,0.48987,3,0.9997014925373134,0.0012218548172508495,0.9999318568994889,0.9962264150943396,0.9980611607396408
2025-03-29 19:23:26.667,rf.nn.train.agent.a1,32,2025-03-29T18:23:26.128801Z,a1,0.53485,1,0.9931343283582089,0.021897715312523013,0.5798168871914386,0.6955337132618798,0.612167487048569
2025-03-29 19:23:27.113,rf.nn.train.agent.a1,32,2025-03-29T18:23:26.667358Z,a1,0.4401,2,0.9922388059701492,0.022970998906116404,0.9828790306394936,0.9354895828820109,0.9555946758330457
2025-03-29 19:23:27.582,rf.nn.train.agent.a1,32,2025-03-29T18:23:27.115603Z,a1,0.458672,3,0.9913432835820896,0.027394195331310454,0.7869183923974523,0.8094801908695445,0.7961080454705783
2025-03-29 19:23:30.629,rf.nn.train.agent.a0,32,2025-03-29T18:23:28.534666Z,a0,2.073598,1,0.9853980940670151,0.042444016720644254,0.4896587367112171,0.49147647802899996,0.49055293599203653
2025-03-29 19:23:32.637,rf.nn.train.agent.a0,32,2025-03-29T18:23:30.632621Z,a0,1.980981,2,0.9891638487549954,0.030818231692935252,0.9853480729207906,0.986909216295685,0.9861260620174649
2025-03-29 19:23:34.621,rf.nn.train.agent.a0,32,2025-03-29T18:23:32.639758Z,a0,1.961199,3,0.985013833384568,0.04376984369187074,0.9811333735417105,0.9804893396590323,0.9808097800030108
2025-03-29 19:23:37.227,rf.nn.train.agent.a3,32,2025-03-29T18:23:35.914976Z,a3,1.297558,1,0.9940637501613111,0.017592107990780943,0.9497454168923762,0.9875664017415132,0.9675000839400858
2025-03-29 19:23:38.477,rf.nn.train.agent.a3,32,2025-03-29T18:23:37.228294Z,a3,1.235304,2,0.9948380436185315,0.019488513788790202,0.9931775065639565,0.9844131187315691,0.9886098156576458
2025-03-29 19:23:39.847,rf.nn.train.agent.a3,32,2025-03-29T18:23:38.479371Z,a3,1.353825,3,0.9842560330365209,0.04805166380077029,0.9732386963819598,0.9775787150659458,0.9753383818535626
2025-03-29 19:23:43.485,rf.nn.train.agent.a2,32,2025-03-29T18:23:41.049418Z,a2,2.409759,1,0.9988733187803676,0.004555417231754004,0.7394762095199596,0.749431490358679,0.7443468025383098
2025-03-29 19:23:45.719,rf.nn.train.agent.a2,32,2025-03-29T18:23:43.487158Z,a2,2.204273,2,0.999929582423773,0.0007425724923938138,0.9999512670565301,0.9999509515401216,0.9999511021262971
2025-03-29 19:23:47.970,rf.nn.train.agent.a2,32,2025-03-29T18:23:45.719502Z,a2,2.227777,3,1.0,0.0004081511916704765,1.0,1.0,1.0
2025-03-29 19:23:49.647,rf.nn.train.agent.a4,32,2025-03-29T18:23:49.325463Z,a4,0.318706,1,0.9905100830367735,0.03411033202098893,0.6715722415742083,0.8979519523890385,0.7372411989178964
2025-03-29 19:23:49.927,rf.nn.train.agent.a4,32,2025-03-29T18:23:49.648227Z,a4,0.274422,2,0.9976275207591934,0.01140120680079321,0.9992454253914356,0.9995795227583307,0.9994107900419211
2025-03-29 19:23:50.197,rf.nn.train.agent.a4,32,2025-03-29T18:23:49.928910Z,a4,0.264845,3,0.9988137603795967,0.004676837199955151,0.9997049471663159,0.9997049471663159,0.9997049471663159
2025-03-29 19:24:00.407,rf.nn.train.agent.a2,33,2025-03-29T18:23:58.137356Z,a2,2.248614,1,0.972959650728822,0.08567198076723814,0.6935768334557241,0.6945186613015719,0.6939993568904789
2025-03-29 19:24:02.571,rf.nn.train.agent.a2,33,2025-03-29T18:24:00.411711Z,a2,2.135584,2,0.9835927047391029,0.04831061391332942,0.9613314616297265,0.9631825435189117,0.9621188731996747
2025-03-29 19:24:04.701,rf.nn.train.agent.a2,33,2025-03-29T18:24:02.575398Z,a2,2.105197,3,0.9898598690233082,0.029837968955247117,0.983305685006739,0.987197663798427,0.9852276295086829
2025-03-29 19:24:07.367,rf.nn.train.agent.a3,33,2025-03-29T18:24:06.077111Z,a3,1.281861,1,0.9980642663569493,0.007872015638315261,0.9809042448630234,0.9989545813431473,0.9895170337814755
2025-03-29 19:24:08.562,rf.nn.train.agent.a3,33,2025-03-29T18:24:07.373946Z,a3,1.176705,2,0.9944508968899213,0.014157073299100247,0.9897703951506244,0.9926063626844521,0.9910700494938709
2025-03-29 19:24:09.777,rf.nn.train.agent.a3,33,2025-03-29T18:24:08.567536Z,a3,1.196622,3,0.9908375274228933,0.024446446644476424,0.9912421768169977,0.9838213230429704,0.9874488593117056
2025-03-29 19:24:12.943,rf.nn.train.agent.a0,33,2025-03-29T18:24:10.948328Z,a0,1.973446,1,0.9961573931755303,0.013261957775152985,0.5529271710344464,0.5532966010752904,0.5531111907876065
2025-03-29 19:24:14.911,rf.nn.train.agent.a0,33,2025-03-29T18:24:12.947494Z,a0,1.939713,2,0.9975407316323394,0.0075505368771504235,0.9980052424235539,0.9981318577129233,0.9980681195930646
2025-03-29 19:24:16.897,rf.nn.train.agent.a0,33,2025-03-29T18:24:14.911077Z,a0,1.966219,3,0.9735628650476483,0.0772861657208923,0.9646073834594351,0.9643172360661161,0.9644614274742738
2025-03-29 19:24:18.779,rf.nn.train.agent.a1,33,2025-03-29T18:24:18.220142Z,a1,0.54716,1,0.9952238805970149,0.017819536207181436,0.7067014682593156,0.7087578306104012,0.7077172080972546
2025-03-29 19:24:19.307,rf.nn.train.agent.a1,33,2025-03-29T18:24:18.785117Z,a1,0.515145,2,1.0,0.0011938334959722852,1.0,1.0,1.0
2025-03-29 19:24:19.834,rf.nn.train.agent.a1,33,2025-03-29T18:24:19.307543Z,a1,0.519804,3,0.9985074626865672,0.006754623279171245,0.7991658154579503,0.7982558560205336,0.7987092230862708
2025-03-29 19:24:21.317,rf.nn.train.agent.a4,33,2025-03-29T18:24:20.994209Z,a4,0.318063,1,0.998220640569395,0.010473323610879234,0.8498293515358363,0.8997161778618732,0.866439156827392
2025-03-29 19:24:21.597,rf.nn.train.agent.a4,33,2025-03-29T18:24:21.319266Z,a4,0.267905,2,1.0,0.0015322130275308155,1.0,1.0,1.0
2025-03-29 19:24:21.877,rf.nn.train.agent.a4,33,2025-03-29T18:24:21.597229Z,a4,0.271933,3,1.0,0.0009520175934874646,1.0,1.0,1.0
2025-03-29 19:24:29.874,rf.nn.train.agent.a2,34,2025-03-29T18:24:27.897283Z,a2,1.953672,1,0.9991549890852757,0.004208965811215335,0.7496376114235428,0.7495686439233693,0.7496031175488562
2025-03-29 19:24:31.877,rf.nn.train.agent.a2,34,2025-03-29T18:24:29.877376Z,a2,1.970095,2,0.999859164847546,0.0008552202853245142,0.9999020011189995,0.9999016856025907,0.9999018361887665
2025-03-29 19:24:33.837,rf.nn.train.agent.a2,34,2025-03-29T18:24:31.882345Z,a2,1.934838,3,0.997324132103373,0.00969858326823675,0.9981499920293264,0.9981635414018267,0.9981567199903546
2025-03-29 19:24:36.319,rf.nn.train.agent.a3,34,2025-03-29T18:24:35.157342Z,a3,1.151882,1,0.9935475545231642,0.02293200457954651,0.8684792847379971,0.8874754095295684,0.8767561578471156
2025-03-29 19:24:37.450,rf.nn.train.agent.a3,34,2025-03-29T18:24:36.319333Z,a3,1.122164,2,0.9919989676087237,0.024986140620548297,0.9727675476467696,0.9718189708369843,0.972189525092219
2025-03-29 19:24:38.557,rf.nn.train.agent.a3,34,2025-03-29T18:24:37.450192Z,a3,1.101209,3,0.9818041037553232,0.07393304937584527,0.9769085553696603,0.9716082796019939,0.9742303780242256
2025-03-29 19:24:41.640,rf.nn.train.agent.a0,34,2025-03-29T18:24:39.710226Z,a0,1.908805,1,0.9963879495849984,0.01270917328215088,0.7064697315545628,0.7105184608829358,0.708454123942617
2025-03-29 19:24:43.527,rf.nn.train.agent.a0,34,2025-03-29T18:24:41.642903Z,a0,1.864591,2,0.9990777743621273,0.0041645673666024525,0.9962889331032901,0.9983404706729546,0.9973098129412085
2025-03-29 19:24:45.402,rf.nn.train.agent.a0,34,2025-03-29T18:24:43.527552Z,a0,1.849986,3,0.9999231478635106,0.001311329109619075,0.99983844911147,0.9999493799038218,0.9998938786677047
2025-03-29 19:24:47.280,rf.nn.train.agent.a1,34,2025-03-29T18:24:46.715061Z,a1,0.562431,1,0.98,0.06890383882121005,0.5334316132506107,0.5550070100052245,0.5430994807563911
2025-03-29 19:24:47.807,rf.nn.train.agent.a1,34,2025-03-29T18:24:47.280999Z,a1,0.516534,2,0.9967164179104477,0.011133917521476092,0.9504313262905966,0.9898773616879957,0.9679317343792398
2025-03-29 19:24:48.369,rf.nn.train.agent.a1,34,2025-03-29T18:24:47.807272Z,a1,0.562008,3,0.9997014925373134,0.0011980063591094914,0.9999318568994889,0.9994413407821229,0.9996862023646826
2025-03-29 19:24:49.947,rf.nn.train.agent.a4,34,2025-03-29T18:24:49.592818Z,a4,0.35444,1,0.961447212336892,0.11353645399915722,0.5939404656646036,0.7866704671340433,0.6418231163833259
2025-03-29 19:24:50.237,rf.nn.train.agent.a4,34,2025-03-29T18:24:49.947258Z,a4,0.289947,2,0.9970344009489917,0.013018535502268141,0.9438536883198047,0.9992199608093648,0.9622774843459302
2025-03-29 19:24:50.517,rf.nn.train.agent.a4,34,2025-03-29T18:24:50.247319Z,a4,0.27029,3,0.998220640569395,0.0052123728547605495,0.9995155623355281,0.9995998278558985,0.9995575894227768
2025-03-29 19:24:58.582,rf.nn.train.agent.a4,35,2025-03-29T18:24:58.266869Z,a4,0.311493,1,0.9976275207591934,0.015512886627375166,0.8701801116184678,0.9994098943326316,0.9070170445544696
2025-03-29 19:24:58.847,rf.nn.train.agent.a4,35,2025-03-29T18:24:58.586593Z,a4,0.258856,2,1.0,0.0011227828236889832,1.0,1.0,1.0
2025-03-29 19:24:59.101,rf.nn.train.agent.a4,35,2025-03-29T18:24:58.849509Z,a4,0.247675,3,1.0,0.0007807623337183306,1.0,1.0,1.0
2025-03-29 19:25:00.857,rf.nn.train.agent.a1,35,2025-03-29T18:25:00.292522Z,a1,0.560042,1,0.9982089552238806,0.008791645109609125,0.7133879804905255,0.7129425166920454,0.7131649669573651
2025-03-29 19:25:01.377,rf.nn.train.agent.a1,35,2025-03-29T18:25:00.859910Z,a1,0.517447,2,1.0,0.00029172128914589326,1.0,1.0,1.0
2025-03-29 19:25:01.917,rf.nn.train.agent.a1,35,2025-03-29T18:25:01.387427Z,a1,0.5219,3,1.0,0.00016130587680761112,1.0,1.0,1.0
2025-03-29 19:25:05.437,rf.nn.train.agent.a2,35,2025-03-29T18:25:03.082788Z,a2,2.334389,1,0.9763396943877192,0.07130669316806283,0.8075152811768546,0.826373092079628,0.8164792938832272
2025-03-29 19:25:07.899,rf.nn.train.agent.a2,35,2025-03-29T18:25:05.442227Z,a2,2.429916,2,0.9866910780930921,0.04156592545139672,0.9829477510085338,0.9829082600559973,0.9829277302703895
2025-03-29 19:25:10.317,rf.nn.train.agent.a2,35,2025-03-29T18:25:07.899559Z,a2,2.390605,3,0.989226110837265,0.03329142996959267,0.9809585339344302,0.9846394257546001,0.9827760313201986
2025-03-29 19:25:13.857,rf.nn.train.agent.a0,35,2025-03-29T18:25:11.803550Z,a0,2.02695,1,0.975253612050415,0.07283474802364497,0.8021576340997908,0.802811102379884,0.8024782842520336
2025-03-29 19:25:16.088,rf.nn.train.agent.a0,35,2025-03-29T18:25:13.858663Z,a0,2.208937,2,0.9742545342760529,0.0807225033915453,0.9616295375718964,0.9639429361301097,0.9627791894621701
2025-03-29 19:25:18.327,rf.nn.train.agent.a0,35,2025-03-29T18:25:16.088430Z,a0,2.219731,3,0.9849369812480787,0.045653952314000386,0.9761642049618755,0.9764386444426683,0.9762903518229118
2025-03-29 19:25:21.397,rf.nn.train.agent.a3,35,2025-03-29T18:25:19.877093Z,a3,1.50996,1,0.987353206865402,0.04091533821400219,0.7979544650348273,0.8652707712778858,0.8233225124262175
2025-03-29 19:25:22.797,rf.nn.train.agent.a3,35,2025-03-29T18:25:21.407350Z,a3,1.380015,2,0.999096657633243,0.003563316426541845,0.9992067540684013,0.9997789588390363,0.9994920781999456
2025-03-29 19:25:24.107,rf.nn.train.agent.a3,35,2025-03-29T18:25:22.807607Z,a3,1.28171,3,0.9993547554523164,0.0024220910321666243,0.99983506746006,0.9998227592462088,0.9998289079175812
2025-03-29 19:25:32.817,rf.nn.train.agent.a4,36,2025-03-29T18:25:32.407609Z,a4,0.408467,1,0.9857651245551602,0.03401516728489747,0.6064442167285768,0.6970789769465267,0.6384007399094064
2025-03-29 19:25:33.087,rf.nn.train.agent.a4,36,2025-03-29T18:25:32.820473Z,a4,0.262619,2,1.0,0.0039015316600990394,1.0,1.0,1.0
2025-03-29 19:25:33.347,rf.nn.train.agent.a4,36,2025-03-29T18:25:33.091922Z,a4,0.249756,3,1.0,0.0019730562605029677,1.0,1.0,1.0
2025-03-29 19:25:35.635,rf.nn.train.agent.a3,36,2025-03-29T18:25:34.344713Z,a3,1.276613,1,0.9958704348948252,0.013188510479824953,0.8816701209062698,0.8936128486778557,0.8871547877391516
2025-03-29 19:25:37.071,rf.nn.train.agent.a3,36,2025-03-29T18:25:35.638372Z,a3,1.419148,2,0.9849012775842044,0.05139586407848856,0.9658629719432982,0.9732317171765656,0.9693913863632668
2025-03-29 19:25:38.394,rf.nn.train.agent.a3,36,2025-03-29T18:25:37.071680Z,a3,1.308278,3,0.9923861143373338,0.02010825255332927,0.994960058940356,0.9881018143774042,0.9914309903088472
2025-03-29 19:25:40.458,rf.nn.train.agent.a1,36,2025-03-29T18:25:39.807387Z,a1,0.646908,1,0.9931343283582089,0.02830459051632109,0.4644155097593057,0.45644586412116783,0.46032752805023563
2025-03-29 19:25:41.075,rf.nn.train.agent.a1,36,2025-03-29T18:25:40.462991Z,a1,0.604206,2,0.9997014925373134,0.0016438282700142908,0.9994428969359331,0.9999318336741648,0.9996869709998887
2025-03-29 19:25:41.700,rf.nn.train.agent.a1,36,2025-03-29T18:25:41.079482Z,a1,0.617728,3,1.0,0.00045116169778469027,1.0,1.0,1.0
2025-03-29 19:25:45.261,rf.nn.train.agent.a2,36,2025-03-29T18:25:43.082020Z,a2,2.155549,1,0.9996479121188648,0.002729592377453718,0.9958350451385737,0.999768983909061,0.9977780301728446
2025-03-29 19:25:47.539,rf.nn.train.agent.a2,36,2025-03-29T18:25:45.267114Z,a2,2.251346,2,1.0,0.0005898553398609536,1.0,1.0,1.0
2025-03-29 19:25:49.861,rf.nn.train.agent.a2,36,2025-03-29T18:25:47.539705Z,a2,2.293383,3,1.0,0.0003902834167273066,1.0,1.0,1.0
2025-03-29 19:25:53.545,rf.nn.train.agent.a0,36,2025-03-29T18:25:51.372382Z,a0,2.152695,1,0.9980786965877652,0.00797924920441743,0.5508968119931823,0.554652853886044,0.5527343959028366
2025-03-29 19:25:55.650,rf.nn.train.agent.a0,36,2025-03-29T18:25:53.547576Z,a0,2.080582,2,0.9993851829080849,0.0020868771524331304,0.9994737589238545,0.9977332610827621,0.9985985842469931
2025-03-29 19:25:57.709,rf.nn.train.agent.a0,36,2025-03-29T18:25:55.653464Z,a0,2.031722,3,0.998616661543191,0.0058460187909711555,0.9960785138391713,0.9971033110502715,0.9965896922544285
2025-03-29 19:26:08.544,rf.nn.train.agent.a2,37,2025-03-29T18:26:06.187999Z,a2,2.329257,1,0.9738750792197732,0.0796645880607455,0.6434994132957927,0.6482860492360087,0.6458324649240352
2025-03-29 19:26:10.923,rf.nn.train.agent.a2,37,2025-03-29T18:26:08.547251Z,a2,2.35456,2,0.9877473417364975,0.04087856572222917,0.9815295444956198,0.9758775488968107,0.9786510218762761
2025-03-29 19:26:13.174,rf.nn.train.agent.a2,37,2025-03-29T18:26:10.927361Z,a2,2.220058,3,0.9861277374832759,0.04619114956607301,0.9905783186737039,0.9846566919918365,0.9875625720430851
2025-03-29 19:26:15.001,rf.nn.train.agent.a4,37,2025-03-29T18:26:14.663546Z,a4,0.333742,1,0.9970344009489917,0.012925151146878049,0.8700751182583725,0.9964082887923946,0.9054420909467858
2025-03-29 19:26:15.314,rf.nn.train.agent.a4,37,2025-03-29T18:26:15.005565Z,a4,0.304493,2,1.0,0.0013928949171353245,1.0,1.0,1.0
2025-03-29 19:26:15.620,rf.nn.train.agent.a4,37,2025-03-29T18:26:15.318420Z,a4,0.297977,3,1.0,0.0010156994519419178,1.0,1.0,1.0
2025-03-29 19:26:18.860,rf.nn.train.agent.a0,37,2025-03-29T18:26:16.730769Z,a0,2.106491,1,0.9758684291423302,0.07135886421581017,0.6040529292746735,0.6045117982948749,0.6042811182137907
2025-03-29 19:26:20.877,rf.nn.train.agent.a0,37,2025-03-29T18:26:18.860081Z,a0,1.997011,2,0.9704119274515831,0.08802930481326583,0.9627780781088603,0.9625447838922124,0.9626554868215477
2025-03-29 19:26:22.910,rf.nn.train.agent.a0,37,2025-03-29T18:26:20.880375Z,a0,2.013019,3,0.9887795880725484,0.035901153136963765,0.986936450634287,0.984502265246031,0.9857111723500853
2025-03-29 19:26:24.939,rf.nn.train.agent.a1,37,2025-03-29T18:26:24.327251Z,a1,0.604301,1,0.9761194029850746,0.08553056460025671,0.4714082337169302,0.5535334844352359,0.501008565397854
2025-03-29 19:26:25.511,rf.nn.train.agent.a1,37,2025-03-29T18:26:24.939726Z,a1,0.567388,2,0.9961194029850746,0.009685494220974804,0.989265915008924,0.9402996882542027,0.961209832722156
2025-03-29 19:26:26.080,rf.nn.train.agent.a1,37,2025-03-29T18:26:25.515834Z,a1,0.558514,3,0.9988059701492538,0.003101856838016136,0.9992369811090984,0.9918260046449671,0.9954589007349469
2025-03-29 19:26:28.607,rf.nn.train.agent.a3,37,2025-03-29T18:26:27.312867Z,a3,1.284638,1,0.9971609239901923,0.010595517279544305,0.9533933271983144,0.9905860456107803,0.9696073307757516
2025-03-29 19:26:29.852,rf.nn.train.agent.a3,37,2025-03-29T18:26:28.610040Z,a3,1.2297,2,0.9996128532713898,0.0016624847443149388,0.9998912216160067,0.999352863257902,0.9996212832846632
2025-03-29 19:26:31.049,rf.nn.train.agent.a3,37,2025-03-29T18:26:29.852495Z,a3,1.184735,3,1.0,0.0004041856270076979,1.0,1.0,1.0
2025-03-29 19:26:40.287,rf.nn.train.agent.a1,38,2025-03-29T18:26:39.619689Z,a1,0.663007,1,0.9934328358208955,0.01760091357236455,0.5139996425330298,0.5459431559601353,0.5284564034877051
2025-03-29 19:26:40.847,rf.nn.train.agent.a1,38,2025-03-29T18:26:40.289201Z,a1,0.548209,2,1.0,0.000594790237647387,1.0,1.0,1.0
2025-03-29 19:26:41.377,rf.nn.train.agent.a1,38,2025-03-29T18:26:40.847332Z,a1,0.521107,3,0.9994029850746269,0.0024771782170513947,0.9961582487685046,0.9961582487685046,0.9961582487685046
2025-03-29 19:26:44.565,rf.nn.train.agent.a0,38,2025-03-29T18:26:42.497452Z,a0,2.044117,1,0.9982324008607439,0.007940824507886982,0.5538912712212185,0.5546536032934227,0.5542695810830608
2025-03-29 19:26:46.592,rf.nn.train.agent.a0,38,2025-03-29T18:26:44.567181Z,a0,2.005987,2,0.9999231478635106,0.0010633756588544407,0.9999471598414795,0.9998383185125302,0.9998927029970985
2025-03-29 19:26:48.617,rf.nn.train.agent.a0,38,2025-03-29T18:26:46.594541Z,a0,2.001038,3,0.9995388871810637,0.001986347771586086,0.9994662536921272,0.9995807499787528,0.9995234335020899
2025-03-29 19:26:52.197,rf.nn.train.agent.a2,38,2025-03-29T18:26:49.897109Z,a2,2.270482,1,0.9980987254418703,0.007421256905107273,0.5870271397616549,0.5968199208604987,0.5917758117810527
2025-03-29 19:26:54.577,rf.nn.train.agent.a2,38,2025-03-29T18:26:52.197219Z,a2,2.350099,2,1.0,0.0005229518776969098,1.0,1.0,1.0
2025-03-29 19:26:56.712,rf.nn.train.agent.a2,38,2025-03-29T18:26:54.577196Z,a2,2.110151,3,1.0,0.00037191078096126347,1.0,1.0,1.0
2025-03-29 19:26:58.497,rf.nn.train.agent.a4,38,2025-03-29T18:26:58.184944Z,a4,0.312169,1,0.998220640569395,0.00846467355984474,0.9258207070707071,0.9995998278558985,0.9441916428563109
2025-03-29 19:26:58.777,rf.nn.train.agent.a4,38,2025-03-29T18:26:58.497113Z,a4,0.28024,2,0.9994068801897983,0.0037666260355969294,0.9998103905953736,0.9998948806895827,0.9998525298075922
2025-03-29 19:26:59.079,rf.nn.train.agent.a4,38,2025-03-29T18:26:58.777353Z,a4,0.29592,3,0.9994068801897983,0.0033533539442358678,0.9998949800462087,0.9998100664767331,0.9998524171964525
2025-03-29 19:27:01.471,rf.nn.train.agent.a3,38,2025-03-29T18:27:00.187406Z,a3,1.269841,1,0.9695444573493354,0.09600423011280129,0.7385007965290556,0.7712101159078387,0.7511851399852347
2025-03-29 19:27:02.697,rf.nn.train.agent.a3,38,2025-03-29T18:27:01.473457Z,a3,1.214088,2,0.983739837398374,0.053791709753568284,0.95746505669506,0.9409566688589182,0.9483769319711237
2025-03-29 19:27:03.932,rf.nn.train.agent.a3,38,2025-03-29T18:27:02.702497Z,a3,1.214665,3,0.9851593754032778,0.04569140888649109,0.96851440739414,0.9664890958888219,0.9672223460437939
2025-03-29 19:27:14.403,rf.nn.train.agent.a2,39,2025-03-29T18:27:12.030132Z,a2,2.34797,1,0.9821139356383354,0.05443542952046686,0.6419905455505889,0.6426880335065757,0.6422920160418981
2025-03-29 19:27:16.734,rf.nn.train.agent.a2,39,2025-03-29T18:27:14.406133Z,a2,2.303456,2,0.9895077811421731,0.03197710167755308,0.9829253528498637,0.982945031787986,0.9829348932627434
2025-03-29 19:27:19.225,rf.nn.train.agent.a2,39,2025-03-29T18:27:16.739016Z,a2,2.459387,3,0.9871135835504542,0.04108430041127052,0.8399616637255385,0.8446222508826715,0.8422501793235043
2025-03-29 19:27:21.413,rf.nn.train.agent.a1,39,2025-03-29T18:27:20.782727Z,a1,0.626056,1,0.993731343283582,0.019970783770552423,0.47565965973916197,0.5194821962686738,0.4770584173039835
2025-03-29 19:27:22.004,rf.nn.train.agent.a1,39,2025-03-29T18:27:21.417217Z,a1,0.582489,2,0.9967164179104477,0.007279469883624621,0.9972824267602853,0.9893868687959536,0.9932616404205572
2025-03-29 19:27:22.625,rf.nn.train.agent.a1,39,2025-03-29T18:27:22.008535Z,a1,0.608832,3,0.9994029850746269,0.001125565913506372,0.9998637602179837,0.9956677558764625,0.9977473747150067
2025-03-29 19:27:26.233,rf.nn.train.agent.a0,39,2025-03-29T18:27:24.003856Z,a0,2.203562,1,0.9729480479557332,0.08240876649649406,0.4842846563822133,0.4839350964807436,0.48410968637027096
2025-03-29 19:27:28.441,rf.nn.train.agent.a0,39,2025-03-29T18:27:26.237530Z,a0,2.184194,2,0.9824008607439286,0.05692344837883088,0.977125069352628,0.9756666814479026,0.9763907991117431
2025-03-29 19:27:30.624,rf.nn.train.agent.a0,39,2025-03-29T18:27:28.445508Z,a0,2.158398,3,0.989086996618506,0.03186873654463512,0.9835447894507166,0.9841141433440208,0.983827988259456
2025-03-29 19:27:33.614,rf.nn.train.agent.a3,39,2025-03-29T18:27:32.061775Z,a3,1.537524,1,0.9974190218092657,0.008958142766418617,0.8837271448846789,0.897273762718989,0.8902939124017679
2025-03-29 19:27:34.959,rf.nn.train.agent.a3,39,2025-03-29T18:27:33.617652Z,a3,1.330148,2,0.9996128532713898,0.0019750126922993072,0.9993436040485832,0.999915824915825,0.9996289362097196
2025-03-29 19:27:36.243,rf.nn.train.agent.a3,39,2025-03-29T18:27:34.961416Z,a3,1.271977,3,1.0,0.0004167699474046307,1.0,1.0,1.0
2025-03-29 19:27:37.885,rf.nn.train.agent.a4,39,2025-03-29T18:27:37.551092Z,a4,0.332307,1,0.9988137603795967,0.007613670127576147,0.9997049471663159,0.9997049471663159,0.9997049471663159
2025-03-29 19:27:38.179,rf.nn.train.agent.a4,39,2025-03-29T18:27:37.888120Z,a4,0.287218,2,0.9994068801897983,0.0023115282382141747,0.9998949800462087,0.9998100664767331,0.9998524171964525
2025-03-29 19:27:38.469,rf.nn.train.agent.a4,39,2025-03-29T18:27:38.181783Z,a4,0.285605,3,0.9994068801897983,0.001134268671588836,0.9998949800462087,0.9998100664767331,0.9998524171964525
2025-03-29 19:27:47.195,rf.nn.train.agent.a4,40,2025-03-29T18:27:46.757353Z,a4,0.43599,1,0.9744958481613286,0.06814672117657468,0.6953640758917062,0.9569364818812942,0.7550762045258218
2025-03-29 19:27:47.503,rf.nn.train.agent.a4,40,2025-03-29T18:27:47.197343Z,a4,0.302615,2,0.99644128113879,0.01412609559214753,0.7771682318141351,0.7742063716677403,0.7756652626884486
2025-03-29 19:27:47.870,rf.nn.train.agent.a4,40,2025-03-29T18:27:47.505959Z,a4,0.361305,3,0.9988137603795967,0.006282472004077479,0.9997049471663159,0.9997049471663159,0.9997049471663159
2025-03-29 19:27:49.817,rf.nn.train.agent.a1,40,2025-03-29T18:27:49.169224Z,a1,0.641979,1,0.9958208955223881,0.015223039690538696,0.7646796169010277,0.8220482808522561,0.7877934432610916
2025-03-29 19:27:50.465,rf.nn.train.agent.a1,40,2025-03-29T18:27:49.819473Z,a1,0.639671,2,0.9997014925373134,0.0011779746569378143,0.9999318568994889,0.9962264150943396,0.9980611607396408
2025-03-29 19:27:51.145,rf.nn.train.agent.a1,40,2025-03-29T18:27:50.467643Z,a1,0.672031,3,1.0,0.00023024247713010482,1.0,1.0,1.0
2025-03-29 19:27:53.947,rf.nn.train.agent.a3,40,2025-03-29T18:27:52.499362Z,a3,1.435769,1,0.9989676087237063,0.004612675946303586,0.8893254532536468,0.8997536410617805,0.8942985713654323
2025-03-29 19:27:55.449,rf.nn.train.agent.a3,40,2025-03-29T18:27:53.951617Z,a3,1.483605,2,0.9878694025035488,0.03737046160726387,0.8785585740130525,0.8836191151379879,0.8810090930461397
2025-03-29 19:27:57.022,rf.nn.train.agent.a3,40,2025-03-29T18:27:55.451654Z,a3,1.557401,3,0.9753516582784876,0.07626573687543016,0.9546490358443265,0.9514833198125151,0.9530043376202273
2025-03-29 19:28:01.421,rf.nn.train.agent.a0,40,2025-03-29T18:27:58.637523Z,a0,2.759589,1,0.9960036889025515,0.012526261404358195,0.5497441623053957,0.5519678731258764,0.5508399201370683
2025-03-29 19:28:03.872,rf.nn.train.agent.a0,40,2025-03-29T18:28:01.423924Z,a0,2.428837,2,0.9963879495849984,0.0123056794424595,0.9901263403006043,0.9882257450265628,0.9891713318821214
2025-03-29 19:28:06.454,rf.nn.train.agent.a0,40,2025-03-29T18:28:03.877221Z,a0,2.554956,3,0.983246234245312,0.04790333296186962,0.9768375542717911,0.9747662020514267,0.9757964871555252
2025-03-29 19:28:11.162,rf.nn.train.agent.a2,40,2025-03-29T18:28:08.219953Z,a2,2.917223,1,0.9984508133230054,0.005116972283084074,0.7492995506620757,0.7492016842628082,0.7492504997267568
2025-03-29 19:28:13.580,rf.nn.train.agent.a2,40,2025-03-29T18:28:11.167371Z,a2,2.389877,2,0.9990141539328217,0.004631253427674351,0.9993192038061592,0.9993124017438203,0.999315796446222
2025-03-29 19:28:15.926,rf.nn.train.agent.a2,40,2025-03-29T18:28:13.587215Z,a2,2.312728,3,0.9968312090697838,0.009896767016057352,0.9978328688586345,0.9978230472407205,0.9978276257932787
2025-03-29 19:28:25.158,rf.nn.train.agent.a4,41,2025-03-29T18:28:24.726406Z,a4,0.431613,1,0.9744958481613286,0.07421436569684203,0.6600535028562324,0.889496882808141,0.7084040383483414
2025-03-29 19:28:25.487,rf.nn.train.agent.a4,41,2025-03-29T18:28:25.158019Z,a4,0.319311,2,0.9934756820877817,0.02147172689262145,0.9985882921690441,0.9981651738826132,0.9983740902248499
2025-03-29 19:28:25.817,rf.nn.train.agent.a4,41,2025-03-29T18:28:25.487436Z,a4,0.33011,3,0.9857651245551602,0.043198987236191554,0.9409295362555272,0.9965441802086394,0.9594770600763911
2025-03-29 19:28:27.745,rf.nn.train.agent.a1,41,2025-03-29T18:28:27.027532Z,a1,0.709923,1,0.9997014925373134,0.00135572706993636,0.8333333333333334,0.8332765280618041,0.8333049258564854
2025-03-29 19:28:28.446,rf.nn.train.agent.a1,41,2025-03-29T18:28:27.747248Z,a1,0.685009,2,1.0,0.00010773425817552335,1.0,1.0,1.0
2025-03-29 19:28:29.187,rf.nn.train.agent.a1,41,2025-03-29T18:28:28.447309Z,a1,0.739962,3,1.0,0.00010316979248836149,1.0,1.0,1.0
2025-03-29 19:28:33.435,rf.nn.train.agent.a0,41,2025-03-29T18:28:30.677587Z,a0,2.72991,1,0.9950814632646787,0.016065265210178772,0.4950484326101717,0.4979037493302533,0.4964478850865673
2025-03-29 19:28:36.200,rf.nn.train.agent.a0,41,2025-03-29T18:28:33.437421Z,a0,2.741495,2,0.9985398094067015,0.0045602202495542065,0.9989087467991666,0.9971577667452977,0.9980283783521614
2025-03-29 19:28:38.895,rf.nn.train.agent.a0,41,2025-03-29T18:28:36.204449Z,a0,2.668848,3,0.9853212419305256,0.045821303111657,0.9816379972318365,0.9825457566894134,0.9820906509852321
2025-03-29 19:28:42.371,rf.nn.train.agent.a3,41,2025-03-29T18:28:40.674532Z,a3,1.682968,1,0.9965156794425087,0.01131235045842779,0.9732648853202925,0.9875385143383499,0.9801086765978752
2025-03-29 19:28:44.133,rf.nn.train.agent.a3,41,2025-03-29T18:28:42.373092Z,a3,1.742152,2,0.9989676087237063,0.004616624278253171,0.9995597732216832,0.9986443080677577,0.9990991013762451
2025-03-29 19:28:45.812,rf.nn.train.agent.a3,41,2025-03-29T18:28:44.137147Z,a3,1.66219,3,0.9988385598141696,0.003277032695094044,0.9996859948325532,0.9969969732666382,0.9983299377396868
2025-03-29 19:28:50.240,rf.nn.train.agent.a2,41,2025-03-29T18:28:47.478401Z,a2,2.733602,1,0.9907048799380326,0.03128595562194679,0.7424924615711034,0.7407956740614726,0.7415852570114444
2025-03-29 19:28:53.141,rf.nn.train.agent.a2,41,2025-03-29T18:28:50.243553Z,a2,2.868045,2,0.9770438701499894,0.07214028149315414,0.8217772702628438,0.8265735704860864,0.8241316336234396
2025-03-29 19:28:56.173,rf.nn.train.agent.a2,41,2025-03-29T18:28:53.145764Z,a2,3.0021,3,0.991972396310119,0.023440373141963046,0.9905345992169572,0.9905327075717332,0.9905335682057901
2025-03-29 19:29:05.771,rf.nn.train.agent.a1,42,2025-03-29T18:29:05.169503Z,a1,0.595753,1,1.0,0.0017510020665819563,1.0,1.0,1.0
2025-03-29 19:29:06.335,rf.nn.train.agent.a1,42,2025-03-29T18:29:05.773595Z,a1,0.557408,2,1.0,0.0004010366804236366,1.0,1.0,1.0
2025-03-29 19:29:06.892,rf.nn.train.agent.a1,42,2025-03-29T18:29:06.337004Z,a1,0.550066,3,1.0,0.000122929345051099,1.0,1.0,1.0
2025-03-29 19:29:09.451,rf.nn.train.agent.a3,42,2025-03-29T18:29:08.156469Z,a3,1.282671,1,0.9934185056136275,0.01922704936389334,0.8734136195398813,0.8944628386961174,0.8835501167883553
2025-03-29 19:29:10.729,rf.nn.train.agent.a3,42,2025-03-29T18:29:09.453439Z,a3,1.263335,2,0.9961285327138986,0.012704123569063894,0.9972036637263757,0.9948495470117046,0.9960156575713826
2025-03-29 19:29:12.015,rf.nn.train.agent.a3,42,2025-03-29T18:29:10.731618Z,a3,1.269492,3,0.982836495031617,0.05868928508814846,0.9742989121256809,0.964701831301935,0.9693981153363254
2025-03-29 19:29:15.809,rf.nn.train.agent.a2,42,2025-03-29T18:29:13.343368Z,a2,2.444715,1,0.9995070769664108,0.0026904456600443548,0.9939659720940214,0.999662753343047,0.9967639023165445
2025-03-29 19:29:18.244,rf.nn.train.agent.a2,42,2025-03-29T18:29:15.817496Z,a2,2.400494,2,0.999929582423773,0.0005699105383043003,0.9999512670565301,0.9999507340624693,0.9999509933553922
2025-03-29 19:29:20.787,rf.nn.train.agent.a2,42,2025-03-29T18:29:18.247867Z,a2,2.5148,3,1.0,0.00017069546488198125,1.0,1.0,1.0
2025-03-29 19:29:22.697,rf.nn.train.agent.a4,42,2025-03-29T18:29:22.354415Z,a4,0.33965,1,0.9952550415183867,0.0224028589563084,0.9377419103146956,0.9958384882225941,0.9575106187303413
2025-03-29 19:29:22.997,rf.nn.train.agent.a4,42,2025-03-29T18:29:22.697223Z,a4,0.294546,2,1.0,0.0024997446422996704,1.0,1.0,1.0
2025-03-29 19:29:23.297,rf.nn.train.agent.a4,42,2025-03-29T18:29:22.998957Z,a4,0.294395,3,1.0,0.0008928055951812739,1.0,1.0,1.0
2025-03-29 19:29:26.913,rf.nn.train.agent.a0,42,2025-03-29T18:29:24.577550Z,a0,2.309551,1,0.9970027666769136,0.010609684664581866,0.829244086842198,0.8307401873678223,0.8299880949300872
2025-03-29 19:29:29.157,rf.nn.train.agent.a0,42,2025-03-29T18:29:26.917071Z,a0,2.220152,2,0.994159237626806,0.01782465035065098,0.9930051530593037,0.9933226411734524,0.9931634095084654
2025-03-29 19:29:31.493,rf.nn.train.agent.a0,42,2025-03-29T18:29:29.157515Z,a0,2.312495,3,0.9856286504764833,0.04856111345443803,0.9804398674312622,0.9813540995900134,0.9808953989950787
2025-03-29 19:29:42.551,rf.nn.train.agent.a0,43,2025-03-29T18:29:40.443648Z,a0,2.083726,1,0.9972333230863818,0.012479901818611633,0.6210083723613975,0.6229085305159501,0.6219466978421482
2025-03-29 19:29:44.604,rf.nn.train.agent.a0,43,2025-03-29T18:29:42.553826Z,a0,2.026029,2,0.9990009222256379,0.003897494189594589,0.9991070083101657,0.9971380403222231,0.9981176459726168
2025-03-29 19:29:46.656,rf.nn.train.agent.a0,43,2025-03-29T18:29:44.607279Z,a0,2.02651,3,0.9995388871810637,0.0022663883909913004,0.9995821177294142,0.999470405066704,0.9995262186468953
2025-03-29 19:29:48.429,rf.nn.train.agent.a4,43,2025-03-29T18:29:48.109062Z,a4,0.316749,1,0.994661921708185,0.018297174453454197,0.8696731873150252,0.9616979374153767,0.8958435626492623
2025-03-29 19:29:48.725,rf.nn.train.agent.a4,43,2025-03-29T18:29:48.431335Z,a4,0.290419,2,1.0,0.0015643825534871728,1.0,1.0,1.0
2025-03-29 19:29:49.031,rf.nn.train.agent.a4,43,2025-03-29T18:29:48.727258Z,a4,0.299972,3,1.0,0.000776733896789253,1.0,1.0,1.0
2025-03-29 19:29:51.543,rf.nn.train.agent.a3,43,2025-03-29T18:29:50.209373Z,a3,1.320439,1,0.994579945799458,0.0198588434623124,0.871385114765058,0.8948055286012258,0.8821019519945619
2025-03-29 19:29:52.888,rf.nn.train.agent.a3,43,2025-03-29T18:29:51.545405Z,a3,1.330733,2,0.9984514130855594,0.004572373981022699,0.9981010162868977,0.9985381361898599,0.9983155731937406
2025-03-29 19:29:54.203,rf.nn.train.agent.a3,43,2025-03-29T18:29:52.890293Z,a3,1.30312,3,0.9976771196283392,0.006198636380405433,0.9863533201038036,0.9871936676021744,0.9867723769292382
2025-03-29 19:29:56.140,rf.nn.train.agent.a1,43,2025-03-29T18:29:55.557139Z,a1,0.578004,1,0.9680597014925373,0.11940025888869145,0.38291401362085287,0.40337190511264687,0.3902191595695387
2025-03-29 19:29:56.701,rf.nn.train.agent.a1,43,2025-03-29T18:29:56.142655Z,a1,0.552476,2,0.9859701492537314,0.05222667234301774,0.9717383115824518,0.9726551434176528,0.9721952390551077
2025-03-29 19:29:57.332,rf.nn.train.agent.a1,43,2025-03-29T18:29:56.703381Z,a1,0.622795,3,0.9946268656716418,0.01800790191259044,0.9943867120954003,0.9842233001511989,0.9891386177238661
2025-03-29 19:30:01.091,rf.nn.train.agent.a2,43,2025-03-29T18:29:58.619458Z,a2,2.445765,1,0.9850010562636434,0.04986878299578504,0.7306323403323103,0.733514849144255,0.7320556266762228
2025-03-29 19:30:03.593,rf.nn.train.agent.a2,43,2025-03-29T18:30:01.093315Z,a2,2.471588,2,0.9836631223153299,0.05356549344473687,0.9689041716437375,0.9629737118368541,0.9658841352673214
2025-03-29 19:30:06.100,rf.nn.train.agent.a2,43,2025-03-29T18:30:03.595176Z,a2,2.481843,3,0.9923244841912542,0.025680297759201602,0.9889122292362028,0.9848894621421156,0.9868756999649319
2025-03-29 19:30:16.217,rf.nn.train.agent.a0,44,2025-03-29T18:30:14.267347Z,a0,1.923979,1,0.9714878573624347,0.0904654617770575,0.5360026207080808,0.535204903058587,0.5356019718706622
2025-03-29 19:30:18.298,rf.nn.train.agent.a0,44,2025-03-29T18:30:16.217190Z,a0,2.062481,2,0.9811712265600984,0.0619929123899261,0.9787651385837123,0.9773469234664385,0.9780504594343131
2025-03-29 19:30:20.457,rf.nn.train.agent.a0,44,2025-03-29T18:30:18.298374Z,a0,2.13884,3,0.9837841992007378,0.049142635876701285,0.9786334912781139,0.9790758743878986,0.9788537722093231
2025-03-29 19:30:22.391,rf.nn.train.agent.a4,44,2025-03-29T18:30:22.024233Z,a4,0.365356,1,0.9940688018979834,0.02124053154844694,0.9156746160560352,0.9986095500444286,0.9321419030625617
2025-03-29 19:30:22.707,rf.nn.train.agent.a4,44,2025-03-29T18:30:22.393598Z,a4,0.303902,2,1.0,0.0018263817536930186,1.0,1.0,1.0
2025-03-29 19:30:23.027,rf.nn.train.agent.a4,44,2025-03-29T18:30:22.709542Z,a4,0.318024,3,1.0,0.000533416321216138,1.0,1.0,1.0
2025-03-29 19:30:27.173,rf.nn.train.agent.a2,44,2025-03-29T18:30:24.547431Z,a2,2.59877,1,0.9989437363565946,0.0034071341039905107,0.6636665032101827,0.6661984086863715,0.6649164761126656
2025-03-29 19:30:29.655,rf.nn.train.agent.a2,44,2025-03-29T18:30:27.175944Z,a2,2.454026,2,1.0,0.0004434676171110761,1.0,1.0,1.0
2025-03-29 19:30:32.008,rf.nn.train.agent.a2,44,2025-03-29T18:30:29.659898Z,a2,2.320048,3,1.0,0.00022916458009489247,1.0,1.0,1.0
2025-03-29 19:30:34.857,rf.nn.train.agent.a3,44,2025-03-29T18:30:33.457557Z,a3,1.389671,1,0.9904503806942832,0.028470307674664873,0.8379424135011024,0.8736920949562472,0.8539745839220488
2025-03-29 19:30:36.337,rf.nn.train.agent.a3,44,2025-03-29T18:30:34.857446Z,a3,1.461555,2,0.9892889405084527,0.03591335336147154,0.98226961138891,0.9789174926737689,0.9803450147594082
2025-03-29 19:30:37.797,rf.nn.train.agent.a3,44,2025-03-29T18:30:36.339637Z,a3,1.446174,3,0.9868370112272551,0.04218602815207952,0.9828712836574947,0.9782114480696005,0.9802647347171519
2025-03-29 19:30:39.697,rf.nn.train.agent.a1,44,2025-03-29T18:30:39.114007Z,a1,0.583368,1,0.9976119402985074,0.01032805379704119,0.7403285106729022,0.8289735541911751,0.770706717424535
2025-03-29 19:30:40.207,rf.nn.train.agent.a1,44,2025-03-29T18:30:39.697375Z,a1,0.500105,2,1.0,0.0004246207247179189,1.0,1.0,1.0
2025-03-29 19:30:40.707,rf.nn.train.agent.a1,44,2025-03-29T18:30:40.207446Z,a1,0.490173,3,1.0,0.00012810386486719272,1.0,1.0,1.0
2025-03-29 19:30:49.257,rf.nn.train.agent.a4,45,2025-03-29T18:30:48.938616Z,a4,0.308771,1,0.998220640569395,0.00514559062276879,0.941251832036815,0.9996846420687481,0.961188104237437
2025-03-29 19:30:49.518,rf.nn.train.agent.a4,45,2025-03-29T18:30:49.257523Z,a4,0.260916,2,0.9976275207591934,0.006210220386458117,0.9993268222403435,0.9994947085454812,0.9994103434803093
2025-03-29 19:30:49.799,rf.nn.train.agent.a4,45,2025-03-29T18:30:49.518439Z,a4,0.278807,3,0.9940688018979834,0.01708682646995788,0.9986081349061734,0.9984399216187296,0.998523606471531
2025-03-29 19:30:53.114,rf.nn.train.agent.a2,45,2025-03-29T18:30:50.887300Z,a2,2.201068,1,0.9809168368424759,0.06303123698214493,0.6468135311348977,0.6501490291434454,0.6484499860815441
2025-03-29 19:30:55.332,rf.nn.train.agent.a2,45,2025-03-29T18:30:53.114137Z,a2,2.196236,2,0.9875360890078163,0.040657130615365966,0.832374675867877,0.8244291985379626,0.8283378715969798
2025-03-29 19:30:57.502,rf.nn.train.agent.a2,45,2025-03-29T18:30:55.338693Z,a2,2.138825,3,0.9901415393282164,0.03444066172715918,0.9773833308202504,0.9734320296169917,0.9753830231602505
2025-03-29 19:30:59.408,rf.nn.train.agent.a1,45,2025-03-29T18:30:58.857490Z,a1,0.542724,1,0.9919402985074627,0.021353581377813194,0.45613227516466165,0.5428777510239539,0.48873486679314954
2025-03-29 19:30:59.947,rf.nn.train.agent.a1,45,2025-03-29T18:30:59.408376Z,a1,0.531272,2,0.9991044776119403,0.001570919302806302,0.9956011224632764,0.9960900824426695,0.9958452081497932
2025-03-29 19:31:00.467,rf.nn.train.agent.a1,45,2025-03-29T18:30:59.947163Z,a1,0.511838,3,0.9988059701492538,0.005698223777246659,0.9987463489125756,0.9987463489125756,0.9987463489125756
2025-03-29 19:31:03.797,rf.nn.train.agent.a0,45,2025-03-29T18:31:01.739811Z,a0,2.032814,1,0.9981555487242545,0.007178088814245479,0.7130710190574413,0.7129280535689378,0.7129994766348832
2025-03-29 19:31:05.967,rf.nn.train.agent.a0,45,2025-03-29T18:31:03.797111Z,a0,2.145476,2,0.9991546264986166,0.0029175794616116556,0.9983885569358302,0.9974620351876913,0.9979240813903909
2025-03-29 19:31:08.257,rf.nn.train.agent.a0,45,2025-03-29T18:31:05.967166Z,a0,2.270332,3,0.9943129418997848,0.015203471249010553,0.9941433685610436,0.9955062647490036,0.994823037989352
2025-03-29 19:31:11.177,rf.nn.train.agent.a3,45,2025-03-29T18:31:09.787162Z,a3,1.370228,1,0.9961285327138986,0.01293889847535263,0.8699202799202856,0.8964157216287724,0.8821175954715427
2025-03-29 19:31:12.497,rf.nn.train.agent.a3,45,2025-03-29T18:31:11.177123Z,a3,1.311111,2,0.9987095109046329,0.0049124756917657345,0.9902045875803469,0.9944111561639928,0.9922333286799648
2025-03-29 19:31:13.789,rf.nn.train.agent.a3,45,2025-03-29T18:31:12.503975Z,a3,1.273165,3,0.9987095109046329,0.0038451272696064785,0.9933630205038436,0.9908399058565105,0.9920898336642916
2025-03-29 19:31:22.777,rf.nn.train.agent.a3,46,2025-03-29T18:31:21.469488Z,a3,1.298326,1,0.9953542392566783,0.013417656762354499,0.9586625657848565,0.9851614911095048,0.9707572582536673
2025-03-29 19:31:24.117,rf.nn.train.agent.a3,46,2025-03-29T18:31:22.788047Z,a3,1.309118,2,0.990063233965673,0.037929676546124856,0.977991844225364,0.983677321759334,0.9806957566277968
2025-03-29 19:31:25.537,rf.nn.train.agent.a3,46,2025-03-29T18:31:24.117237Z,a3,1.410241,3,0.9772873919215382,0.07528483002590794,0.9631027348975467,0.9431487259728111,0.9524889616384373
2025-03-29 19:31:29.667,rf.nn.train.agent.a0,46,2025-03-29T18:31:27.257236Z,a0,2.387019,1,0.9946203504457424,0.016822827564441874,0.4958551093961163,0.4968747394653506,0.49635950531145057
2025-03-29 19:31:32.017,rf.nn.train.agent.a0,46,2025-03-29T18:31:29.669506Z,a0,2.321864,2,0.9991546264986166,0.0035479836541888322,0.9992108170130919,0.999323897924218,0.9992673085684652
2025-03-29 19:31:34.379,rf.nn.train.agent.a0,46,2025-03-29T18:31:32.020405Z,a0,2.337178,3,0.9863971718413772,0.04414987989281609,0.9806617545771059,0.9804493854597645,0.9805553733452264
2025-03-29 19:31:36.307,rf.nn.train.agent.a4,46,2025-03-29T18:31:35.957300Z,a4,0.347655,1,0.9774614472123369,0.06397654203575034,0.5696963950768279,0.690388132838464,0.6115675010393852
2025-03-29 19:31:36.630,rf.nn.train.agent.a4,46,2025-03-29T18:31:36.312264Z,a4,0.315898,2,0.9958481613285883,0.0163202800616108,0.9990101196150345,0.9620778044619104,0.9768402335778222
2025-03-29 19:31:36.948,rf.nn.train.agent.a4,46,2025-03-29T18:31:36.630928Z,a4,0.316219,3,0.9958481613285883,0.013979475495223184,0.971336765086765,0.9990097221885301,0.983189091849764
2025-03-29 19:31:40.777,rf.nn.train.agent.a2,46,2025-03-29T18:31:38.162856Z,a2,2.584413,1,0.9988029012041405,0.004487395756282321,0.7435801944314385,0.74640168944289,0.7449732836550675
2025-03-29 19:31:43.317,rf.nn.train.agent.a2,46,2025-03-29T18:31:40.777984Z,a2,2.509373,2,1.0,0.000345592013400062,1.0,1.0,1.0
2025-03-29 19:31:45.877,rf.nn.train.agent.a2,46,2025-03-29T18:31:43.317298Z,a2,2.534128,3,0.999859164847546,0.0005601016832350331,0.999901986865433,0.999901986865433,0.999901986865433
2025-03-29 19:31:48.137,rf.nn.train.agent.a1,46,2025-03-29T18:31:47.497283Z,a1,0.629889,1,0.9985074626865672,0.004727909596597003,0.6428084194114208,0.7133415589905291,0.6661690929355036
2025-03-29 19:31:48.737,rf.nn.train.agent.a1,46,2025-03-29T18:31:48.137208Z,a1,0.599951,2,1.0,0.00026818722690114514,1.0,1.0,1.0
2025-03-29 19:31:49.349,rf.nn.train.agent.a1,46,2025-03-29T18:31:48.747279Z,a1,0.601247,3,1.0,0.00017258479571236897,1.0,1.0,1.0
2025-03-29 19:31:59.537,rf.nn.train.agent.a0,47,2025-03-29T18:31:57.434309Z,a0,2.083583,1,0.9938518290808485,0.018950839320963052,0.8247708174891137,0.8279084648667331,0.8263236161146463
2025-03-29 19:32:01.737,rf.nn.train.agent.a0,47,2025-03-29T18:31:59.537305Z,a0,2.174185,2,0.9823240086074393,0.05513614893169614,0.9773124127448944,0.9745068803972952,0.9758988665405646
2025-03-29 19:32:03.961,rf.nn.train.agent.a0,47,2025-03-29T18:32:01.737152Z,a0,2.203268,3,0.989471257300953,0.03173939440476208,0.9839857811911719,0.9804263711544475,0.982192801210781
2025-03-29 19:32:08.059,rf.nn.train.agent.a2,47,2025-03-29T18:32:05.517203Z,a2,2.513257,1,0.9798605731990705,0.06075064560283519,0.6444118871373647,0.6442699459873681,0.6443401889799523
2025-03-29 19:32:10.572,rf.nn.train.agent.a2,47,2025-03-29T18:32:08.059167Z,a2,2.485723,2,0.9904232096331245,0.03420143182414277,0.9820647540948024,0.989499132628616,0.9856911726305629
2025-03-29 19:32:13.047,rf.nn.train.agent.a2,47,2025-03-29T18:32:10.574936Z,a2,2.452297,3,0.9873952538553623,0.03775935465361997,0.9812550720566175,0.97164640683047,0.976374062886897
2025-03-29 19:32:15.289,rf.nn.train.agent.a4,47,2025-03-29T18:32:14.921173Z,a4,0.360338,1,0.9976275207591934,0.010726163113261309,0.8702650517816394,0.9994947085454812,0.9071019216977301
2025-03-29 19:32:15.600,rf.nn.train.agent.a4,47,2025-03-29T18:32:15.289640Z,a4,0.307831,2,1.0,0.0009393886349535709,1.0,1.0,1.0
2025-03-29 19:32:15.907,rf.nn.train.agent.a4,47,2025-03-29T18:32:15.600230Z,a4,0.298694,3,1.0,0.000459581591987341,1.0,1.0,1.0
2025-03-29 19:32:17.759,rf.nn.train.agent.a1,47,2025-03-29T18:32:17.140985Z,a1,0.612721,1,0.997910447761194,0.008535971042954857,0.57053303994016,0.5704357259006468,0.5704843663308978
2025-03-29 19:32:18.347,rf.nn.train.agent.a1,47,2025-03-29T18:32:17.763346Z,a1,0.574218,2,1.0,0.0006714777801134698,1.0,1.0,1.0
2025-03-29 19:32:18.927,rf.nn.train.agent.a1,47,2025-03-29T18:32:18.349726Z,a1,0.567588,3,1.0,0.00012518380657032443,1.0,1.0,1.0
2025-03-29 19:32:21.567,rf.nn.train.agent.a3,47,2025-03-29T18:32:20.180788Z,a3,1.374105,1,0.997289972899729,0.008518475016936602,0.9696362939312486,0.9984401680342114,0.9833066924345619
2025-03-29 19:32:22.954,rf.nn.train.agent.a3,47,2025-03-29T18:32:21.572468Z,a3,1.369037,2,0.9996128532713898,0.0016292030870164377,0.9993558546354535,0.9999035086002139,0.999628932177555
2025-03-29 19:32:24.339,rf.nn.train.agent.a3,47,2025-03-29T18:32:22.957792Z,a3,1.369345,3,0.9985804619950961,0.004914230799006007,0.9973566326582824,0.9973811318991364,0.9973688605630964
2025-03-29 19:32:32.797,rf.nn.train.agent.a4,48,2025-03-29T18:32:32.453982Z,a4,0.339973,1,0.9988137603795967,0.007938188321137239,0.9443393251340271,0.9997049471663159,0.962762795653306
2025-03-29 19:32:33.099,rf.nn.train.agent.a4,48,2025-03-29T18:32:32.797390Z,a4,0.302456,2,1.0,0.001305517919014542,1.0,1.0,1.0
2025-03-29 19:32:33.407,rf.nn.train.agent.a4,48,2025-03-29T18:32:33.108248Z,a4,0.295398,3,0.9994068801897983,0.002203107137523508,0.9998103905953736,0.9998948806895827,0.9998525298075922
2025-03-29 19:32:37.505,rf.nn.train.agent.a2,48,2025-03-29T18:32:34.917338Z,a2,2.560018,1,0.9968312090697838,0.01062059719586958,0.6394985205014296,0.6598899640572731,0.6488933594026354
2025-03-29 19:32:40.099,rf.nn.train.agent.a2,48,2025-03-29T18:32:37.507278Z,a2,2.564365,2,0.9995070769664108,0.0021249743069582,0.995647327911532,0.9956546773211238,0.9956509818131937
2025-03-29 19:32:42.645,rf.nn.train.agent.a2,48,2025-03-29T18:32:40.102468Z,a2,2.517953,3,0.999859164847546,0.0009375321661328959,0.9999083613710461,0.9999088655530487,0.9999086062580069
2025-03-29 19:32:46.652,rf.nn.train.agent.a0,48,2025-03-29T18:32:44.250962Z,a0,2.377901,1,0.997079618813403,0.00837897356605719,0.551817720691733,0.5541596473477656,0.5529725170689243
2025-03-29 19:32:48.979,rf.nn.train.agent.a0,48,2025-03-29T18:32:46.655472Z,a0,2.300461,2,0.9996925914540424,0.0018342082502233938,0.999682707799239,0.9996849406767956,0.999683817544866
2025-03-29 19:32:51.307,rf.nn.train.agent.a0,48,2025-03-29T18:32:48.979041Z,a0,2.308428,3,1.0,0.0004899798398070779,1.0,1.0,1.0
2025-03-29 19:32:54.391,rf.nn.train.agent.a3,48,2025-03-29T18:32:52.920115Z,a3,1.458244,1,0.9970318750806556,0.011374629547925431,0.9863314332680395,0.9964875314721822,0.9911440761708561
2025-03-29 19:32:55.807,rf.nn.train.agent.a3,48,2025-03-29T18:32:54.393130Z,a3,1.402024,2,0.9966447283520454,0.01203575035450377,0.9975167518964069,0.997156334870533,0.9973356812553518
2025-03-29 19:32:57.200,rf.nn.train.agent.a3,48,2025-03-29T18:32:55.810785Z,a3,1.376506,3,0.9910956252419667,0.028401541680375383,0.98431658936694,0.9905917940421219,0.9873584433516727
2025-03-29 19:32:59.292,rf.nn.train.agent.a1,48,2025-03-29T18:32:58.609107Z,a1,0.678317,1,0.9877611940298507,0.04358708273810115,0.47826188761200206,0.6022736805411402,0.5106752905668126
2025-03-29 19:32:59.923,rf.nn.train.agent.a1,48,2025-03-29T18:32:59.295619Z,a1,0.621621,2,0.9964179104477612,0.011565790149156133,0.9865942696743775,0.9865942696743775,0.9865942696743775
2025-03-29 19:33:00.543,rf.nn.train.agent.a1,48,2025-03-29T18:32:59.926243Z,a1,0.611993,3,0.9970149253731343,0.010383004020837645,0.9412628455924796,0.9474245314993164,0.9442747923982135
2025-03-29 19:33:10.680,rf.nn.train.agent.a3,49,2025-03-29T18:33:09.221627Z,a3,1.445667,1,0.9923861143373338,0.022097657898125306,0.8398091368830045,0.8767451146229991,0.8558675962880578
2025-03-29 19:33:11.933,rf.nn.train.agent.a3,49,2025-03-29T18:33:10.683435Z,a3,1.236408,2,0.9935475545231642,0.020437226931829363,0.9785069731775908,0.98089119985639,0.9793730663673865
2025-03-29 19:33:13.262,rf.nn.train.agent.a3,49,2025-03-29T18:33:11.936079Z,a3,1.312724,3,0.9885146470512324,0.040819844803527044,0.9702233415590066,0.9803234586016436,0.9751290012550778
2025-03-29 19:33:17.085,rf.nn.train.agent.a0,49,2025-03-29T18:33:14.687125Z,a0,2.375296,1,0.9778665846910544,0.06879884953563689,0.5381324865061679,0.5384222211735988,0.5382760889080586
2025-03-29 19:33:19.423,rf.nn.train.agent.a0,49,2025-03-29T18:33:17.087543Z,a0,2.314972,2,0.9855517983399938,0.04935724858381369,0.979830201983557,0.9820308749944499,0.9809183377080875
2025-03-29 19:33:21.783,rf.nn.train.agent.a0,49,2025-03-29T18:33:19.425682Z,a0,2.336552,3,0.9854749462035045,0.04748038962652595,0.9805471598634957,0.9810044755995679,0.9807731952059443
2025-03-29 19:33:26.042,rf.nn.train.agent.a2,49,2025-03-29T18:33:23.405845Z,a2,2.611282,1,0.9950707696641081,0.016012259828589327,0.7374068649321044,0.7444831571380757,0.7408896199671995
2025-03-29 19:33:28.592,rf.nn.train.agent.a2,49,2025-03-29T18:33:26.042525Z,a2,2.520107,2,0.9800014083515245,0.07184684990525958,0.8240294562513387,0.8285236298527341,0.8262361597868633
2025-03-29 19:33:31.252,rf.nn.train.agent.a2,49,2025-03-29T18:33:28.592457Z,a2,2.631173,3,0.9884515174987677,0.036306986599132306,0.9881455334784435,0.9881992170824777,0.9881720108542248
2025-03-29 19:33:33.657,rf.nn.train.agent.a1,49,2025-03-29T18:33:32.957127Z,a1,0.693159,1,0.9922388059701492,0.026098639668501684,0.5150735587046442,0.5617646919043535,0.5336560875375581
2025-03-29 19:33:34.288,rf.nn.train.agent.a1,49,2025-03-29T18:33:33.659600Z,a1,0.626073,2,0.9958208955223881,0.020116697996195806,0.9927401761550982,0.9854769512386232,0.9890373945147293
2025-03-29 19:33:34.922,rf.nn.train.agent.a1,49,2025-03-29T18:33:34.292323Z,a1,0.62267,3,0.9976119402985074,0.007452044944532298,0.9970175837501895,0.9979831907171934,0.9974988294757476
2025-03-29 19:33:36.655,rf.nn.train.agent.a4,49,2025-03-29T18:33:36.289005Z,a4,0.360156,1,0.9644128113879004,0.12211056028927658,0.565465654829896,0.7870671712393567,0.5982748610292691
2025-03-29 19:33:36.980,rf.nn.train.agent.a4,49,2025-03-29T18:33:36.657213Z,a4,0.320354,2,0.9863582443653618,0.04987916203253059,0.8797464082278198,0.8798503352587238,0.8797983471742338
2025-03-29 19:33:37.310,rf.nn.train.agent.a4,49,2025-03-29T18:33:36.983937Z,a4,0.323269,3,0.9940688018979834,0.014826985570972232,0.9984430073032252,0.9986095500444286,0.9985258587007735
2025-03-29 19:33:47.373,rf.nn.train.agent.a3,50,2025-03-29T18:33:45.930107Z,a3,1.42737,1,0.9905794296038198,0.031773632722489974,0.84777309748548,0.8779170051012478,0.8617580169237534
2025-03-29 19:33:48.789,rf.nn.train.agent.a3,50,2025-03-29T18:33:47.373433Z,a3,1.404363,2,0.9962575816234353,0.011355952385136085,0.9899885725594044,0.9908367494057114,0.9902970283119542
2025-03-29 19:33:50.187,rf.nn.train.agent.a3,50,2025-03-29T18:33:48.792621Z,a3,1.384664,3,0.9953542392566783,0.017649186486825275,0.9844504519643732,0.9814180656642724,0.9828525994250837
2025-03-29 19:33:54.424,rf.nn.train.agent.a2,50,2025-03-29T18:33:51.647292Z,a2,2.750208,1,0.9988733187803676,0.0035425590770691504,0.5951462893156352,0.5995456340178315,0.5972905117808832
2025-03-29 19:33:57.049,rf.nn.train.agent.a2,50,2025-03-29T18:33:54.425735Z,a2,2.597321,2,0.999929582423773,0.0004434658979945353,0.9999507486209614,0.9999509515401216,0.9999508428322982
2025-03-29 19:33:59.728,rf.nn.train.agent.a2,50,2025-03-29T18:33:57.051800Z,a2,2.651046,3,0.999929582423773,0.000477098931654937,0.9999512670565301,0.9999507340624693,0.9999509933553922
2025-03-29 19:34:03.898,rf.nn.train.agent.a0,50,2025-03-29T18:34:01.440599Z,a0,2.433432,1,0.9955425760836151,0.016528215244533736,0.5506689926950884,0.5532237188573847,0.551913798268991
2025-03-29 19:34:06.331,rf.nn.train.agent.a0,50,2025-03-29T18:34:03.900465Z,a0,2.409556,2,0.9990777743621273,0.0034128728386340454,0.9973033647100195,0.9973049063418227,0.9973041289300634
2025-03-29 19:34:08.767,rf.nn.train.agent.a0,50,2025-03-29T18:34:06.337114Z,a0,2.409989,3,0.9999231478635106,0.000553619010493619,0.9999471598414795,0.9990196078431373,0.9994821759387753
2025-03-29 19:34:11.347,rf.nn.train.agent.a1,50,2025-03-29T18:34:10.597027Z,a1,0.750259,1,0.9967164179104477,0.011324337216015714,0.7374836142618094,0.8234449288969489,0.766561655551854
2025-03-29 19:34:12.077,rf.nn.train.agent.a1,50,2025-03-29T18:34:11.347286Z,a1,0.729899,2,0.9994029850746269,0.000996295134634043,0.9957376370784192,0.9993731744562879,0.9975380929314008
2025-03-29 19:34:12.791,rf.nn.train.agent.a1,50,2025-03-29T18:34:12.087241Z,a1,0.69993,3,1.0,0.0004133203457849093,1.0,1.0,1.0
2025-03-29 19:34:14.820,rf.nn.train.agent.a4,50,2025-03-29T18:34:14.337454Z,a4,0.479845,1,0.9952550415183867,0.020990363900980226,0.7995443825042882,0.8963309721918993,0.8312511343390054
2025-03-29 19:34:15.227,rf.nn.train.agent.a4,50,2025-03-29T18:34:14.820288Z,a4,0.400674,2,0.9988137603795967,0.00466587463830914,0.9968918776865796,0.9997049471663159,0.9982777626751224
2025-03-29 19:34:15.667,rf.nn.train.agent.a4,50,2025-03-29T18:34:15.227313Z,a4,0.438084,3,1.0,0.0006586326697219673,1.0,1.0,1.0
2025-03-29 19:34:24.871,rf.nn.train.agent.a4,51,2025-03-29T18:34:24.508791Z,a4,0.359088,1,0.998220640569395,0.006497588455358538,0.9229229229229229,0.9995998278558985,0.9427221075747654
2025-03-29 19:34:25.144,rf.nn.train.agent.a4,51,2025-03-29T18:34:24.873633Z,a4,0.269058,2,1.0,0.0008065877255092964,1.0,1.0,1.0
2025-03-29 19:34:25.411,rf.nn.train.agent.a4,51,2025-03-29T18:34:25.147469Z,a4,0.259964,3,1.0,0.0006325845120646025,1.0,1.0,1.0
2025-03-29 19:34:29.104,rf.nn.train.agent.a2,51,2025-03-29T18:34:26.629476Z,a2,2.449903,1,0.9844377156538272,0.053022032768059765,0.7335135094549068,0.7316562789762825,0.7325265984504918
2025-03-29 19:34:31.703,rf.nn.train.agent.a2,51,2025-03-29T18:34:29.107437Z,a2,2.569917,2,0.9914794732765299,0.027275811887066317,0.9807135367521019,0.9902101220785378,0.9853876308526847
2025-03-29 19:34:34.323,rf.nn.train.agent.a2,51,2025-03-29T18:34:31.705697Z,a2,2.59173,3,0.994577846630519,0.01930078619084946,0.9906456090820002,0.9923212389762072,0.9914078541734593
2025-03-29 19:34:36.740,rf.nn.train.agent.a1,51,2025-03-29T18:34:36.001298Z,a1,0.734087,1,0.997910447761194,0.00986489146319703,0.8451138074778246,0.9990323428271127,0.8770552354331741
2025-03-29 19:34:37.447,rf.nn.train.agent.a1,51,2025-03-29T18:34:36.741931Z,a1,0.700905,2,1.0,0.00033319391648417096,1.0,1.0,1.0
2025-03-29 19:34:38.157,rf.nn.train.agent.a1,51,2025-03-29T18:34:37.449358Z,a1,0.701756,3,1.0,0.00014672689346211665,1.0,1.0,1.0
2025-03-29 19:34:42.437,rf.nn.train.agent.a0,51,2025-03-29T18:34:39.665472Z,a0,2.74957,1,0.9994620350445742,0.0028095220128749577,0.830685164414657,0.8321675619176108,0.8314224223623993
2025-03-29 19:34:44.997,rf.nn.train.agent.a0,51,2025-03-29T18:34:42.439137Z,a0,2.537322,2,1.0,0.0006554628314033924,1.0,1.0,1.0
2025-03-29 19:34:47.394,rf.nn.train.agent.a0,51,2025-03-29T18:34:44.999558Z,a0,2.372691,3,0.9997694435905318,0.0008101968371167226,0.9998482549317147,0.9998414376321353,0.9998447860478008
2025-03-29 19:34:50.523,rf.nn.train.agent.a3,51,2025-03-29T18:34:48.987190Z,a3,1.524181,1,0.9989676087237063,0.003854649881976623,0.8987513217279174,0.8997425563777307,0.8992440813938345
2025-03-29 19:34:51.967,rf.nn.train.agent.a3,51,2025-03-29T18:34:50.527294Z,a3,1.426614,2,1.0,0.000585779056962812,1.0,1.0,1.0
2025-03-29 19:34:53.413,rf.nn.train.agent.a3,51,2025-03-29T18:34:51.969573Z,a3,1.427874,3,0.9998709510904633,0.000427771916774957,0.9999719487222644,0.9999596253229974,0.9999657815835162
2025-03-29 19:35:02.647,rf.nn.train.agent.a4,52,2025-03-29T18:35:02.288468Z,a4,0.357155,1,0.9899169632265717,0.03724098631086373,0.6738374296055296,0.897857345009663,0.7383461746146092
2025-03-29 19:35:02.962,rf.nn.train.agent.a4,52,2025-03-29T18:35:02.650033Z,a4,0.307227,2,0.998220640569395,0.005074706204295409,0.9995997013405149,0.999515013643049,0.9995572515893577
2025-03-29 19:35:03.286,rf.nn.train.agent.a4,52,2025-03-29T18:35:02.962446Z,a4,0.31614,3,0.9988137603795967,0.002503213395992237,0.9968919770432058,0.9996201329534663,0.9982351364285689
2025-03-29 19:35:06.097,rf.nn.train.agent.a3,52,2025-03-29T18:35:04.565464Z,a3,1.51178,1,0.9948380436185315,0.01604280318450546,0.9767805515892878,0.9888471533641872,0.982596400340573
2025-03-29 19:35:07.583,rf.nn.train.agent.a3,52,2025-03-29T18:35:06.100153Z,a3,1.470071,2,0.9870951090463286,0.040249204337658426,0.9706964537335073,0.973346001965473,0.9715967256317499
2025-03-29 19:35:09.067,rf.nn.train.agent.a3,52,2025-03-29T18:35:07.585289Z,a3,1.462199,3,0.979223125564589,0.06992266932481477,0.9816991360952261,0.9653548540184504,0.9731668126996931
2025-03-29 19:35:13.331,rf.nn.train.agent.a2,52,2025-03-29T18:35:10.566284Z,a2,2.743187,1,0.9983803957467784,0.005728008892446154,0.5871870590710777,0.5958014672858635,0.5912874761586939
2025-03-29 19:35:16.083,rf.nn.train.agent.a2,52,2025-03-29T18:35:13.339298Z,a2,2.718105,2,0.9983099781705513,0.006571298944156941,0.9988432748378607,0.9988441771852009,0.9988437045518114
2025-03-29 19:35:18.893,rf.nn.train.agent.a2,52,2025-03-29T18:35:16.089945Z,a2,2.778211,3,0.991901978733892,0.026050916171937343,0.9945151079224699,0.9944803864925617,0.9944968749770258
2025-03-29 19:35:21.297,rf.nn.train.agent.a1,52,2025-03-29T18:35:20.598615Z,a1,0.69131,1,0.991044776119403,0.02641495844404528,0.4865989832069084,0.6160245275905485,0.5164946289029617
2025-03-29 19:35:21.939,rf.nn.train.agent.a1,52,2025-03-29T18:35:21.297549Z,a1,0.635956,2,0.9988059701492538,0.004480829684351983,0.9924562599409225,0.9955314232247924,0.9939764704330957
2025-03-29 19:35:22.570,rf.nn.train.agent.a1,52,2025-03-29T18:35:21.939576Z,a1,0.627673,3,0.9964179104477612,0.014119712567530552,0.9898091953621606,0.9898091953621606,0.9898091953621606
2025-03-29 19:35:26.427,rf.nn.train.agent.a0,52,2025-03-29T18:35:23.924773Z,a0,2.472591,1,0.9533507531509376,0.15596595023491555,0.5208738340699406,0.5215393849629152,0.5212002676453109
2025-03-29 19:35:28.969,rf.nn.train.agent.a0,52,2025-03-29T18:35:26.427119Z,a0,2.518142,2,0.9885490316630803,0.03981615229161097,0.98421090524061,0.9851144305378767,0.9846614884121344
2025-03-29 19:35:31.469,rf.nn.train.agent.a0,52,2025-03-29T18:35:28.969311Z,a0,2.478198,3,0.988318475253612,0.03625856876604423,0.8158833528122206,0.8189442613877892,0.8173983341429997
2025-03-29 19:35:40.844,rf.nn.train.agent.a4,53,2025-03-29T18:35:40.491361Z,a4,0.346032,1,0.9976275207591934,0.011402079718020517,0.8425925925925926,0.9994098943326316,0.89123891392727
2025-03-29 19:35:41.160,rf.nn.train.agent.a4,53,2025-03-29T18:35:40.847401Z,a4,0.310393,2,0.9994068801897983,0.001753862328357327,0.9998949800462087,0.9998100664767331,0.9998524171964525
2025-03-29 19:35:41.477,rf.nn.train.agent.a4,53,2025-03-29T18:35:41.162133Z,a4,0.31525,3,1.0,0.00048295697521304117,1.0,1.0,1.0
2025-03-29 19:35:45.317,rf.nn.train.agent.a0,53,2025-03-29T18:35:42.767226Z,a0,2.526798,1,0.9987703658161697,0.00509521243078002,0.8318666911877752,0.8324613882193619,0.8321630021829819
2025-03-29 19:35:47.787,rf.nn.train.agent.a0,53,2025-03-29T18:35:45.317220Z,a0,2.45005,2,1.0,0.0006647794967789006,1.0,1.0,1.0
2025-03-29 19:35:50.290,rf.nn.train.agent.a0,53,2025-03-29T18:35:47.792720Z,a0,2.476952,3,0.9999231478635106,0.0004820349222736125,0.9999471598414795,0.9998383185125302,0.9998927029970985
2025-03-29 19:35:54.761,rf.nn.train.agent.a2,53,2025-03-29T18:35:51.971341Z,a2,2.762604,1,0.9983803957467784,0.005961447659529739,0.6635119660888084,0.6659290844816448,0.6647044657928601
2025-03-29 19:35:57.497,rf.nn.train.agent.a2,53,2025-03-29T18:35:54.763946Z,a2,2.704348,2,0.9964087036124216,0.011981932256226265,0.8502145740727494,0.8516135283399383,0.8508492733445027
2025-03-29 19:36:00.237,rf.nn.train.agent.a2,53,2025-03-29T18:35:57.501436Z,a2,2.706949,3,0.9841560453489191,0.05559956896460692,0.8429264103873803,0.8428506118684128,0.8428883395209595
2025-03-29 19:36:03.507,rf.nn.train.agent.a3,53,2025-03-29T18:36:01.977071Z,a3,1.515832,1,0.9975480707188025,0.010781857830432708,0.9819380790515182,0.9982016758398353,0.9897583266147265
2025-03-29 19:36:04.981,rf.nn.train.agent.a3,53,2025-03-29T18:36:03.509360Z,a3,1.459274,2,0.9994838043618531,0.0034895669831193537,0.9998631480905235,0.9977125430471303,0.9987770584063189
2025-03-29 19:36:06.463,rf.nn.train.agent.a3,53,2025-03-29T18:36:04.985386Z,a3,1.465798,3,0.9996128532713898,0.0016080089101503997,0.9998790078644889,0.9966709579454677,0.9982613142206093
2025-03-29 19:36:08.647,rf.nn.train.agent.a1,53,2025-03-29T18:36:07.963577Z,a1,0.675595,1,0.9994029850746269,0.0014647286891388267,0.8666666666666666,0.9993731744562879,0.8996861907480623
2025-03-29 19:36:09.286,rf.nn.train.agent.a1,53,2025-03-29T18:36:08.649039Z,a1,0.632734,2,1.0,0.0004201961837571573,1.0,1.0,1.0
2025-03-29 19:36:09.930,rf.nn.train.agent.a1,53,2025-03-29T18:36:09.287425Z,a1,0.637282,3,0.9967164179104477,0.00827518531746786,0.9967978453075481,0.993092287375779,0.9949270910942832
2025-03-29 19:36:20.236,rf.nn.train.agent.a3,54,2025-03-29T18:36:18.905871Z,a3,1.317673,1,0.9929023099754807,0.02411184478625212,0.8222503210842792,0.8843521110329877,0.8475330432078888
2025-03-29 19:36:21.512,rf.nn.train.agent.a3,54,2025-03-29T18:36:20.237486Z,a3,1.263268,2,0.997289972899729,0.010733393725520563,0.9955131828577019,0.9889489074377402,0.9921450951245239
2025-03-29 19:36:22.852,rf.nn.train.agent.a3,54,2025-03-29T18:36:21.516006Z,a3,1.321365,3,0.9987095109046329,0.0035107791010825957,0.9916191739084417,0.9927559801743807,0.9921785949730568
2025-03-29 19:36:26.767,rf.nn.train.agent.a0,54,2025-03-29T18:36:24.290746Z,a0,2.453803,1,0.9730249000922225,0.08876950494152452,0.4815721586160363,0.4826505420034556,0.4821044253090302
2025-03-29 19:36:29.657,rf.nn.train.agent.a0,54,2025-03-29T18:36:26.767371Z,a0,2.861804,2,0.9954657239471257,0.015647119310059986,0.9938739684742431,0.9941455643744211,0.9940073520357242
2025-03-29 19:36:32.410,rf.nn.train.agent.a0,54,2025-03-29T18:36:29.657363Z,a0,2.730052,3,0.9914694128496773,0.028845997786494625,0.9873016749516002,0.9875286070113102,0.9874148125642259
2025-03-29 19:36:34.937,rf.nn.train.agent.a1,54,2025-03-29T18:36:34.207066Z,a1,0.719989,1,0.9898507462686568,0.027521240505947866,0.5693508000387213,0.6969441441272769,0.6163152261436032
2025-03-29 19:36:35.595,rf.nn.train.agent.a1,54,2025-03-29T18:36:34.937368Z,a1,0.65001,2,0.997910447761194,0.0039403717259899294,0.7129912069247847,0.6745815034207416,0.6912224994417916
2025-03-29 19:36:36.261,rf.nn.train.agent.a1,54,2025-03-29T18:36:35.597074Z,a1,0.6603,3,0.9985074626865672,0.005488873807168407,0.9949758298322134,0.9954632568989574,0.9952191501495701
2025-03-29 19:36:40.377,rf.nn.train.agent.a2,54,2025-03-29T18:36:37.589182Z,a2,2.760559,1,0.9978170551369622,0.0064897963249133704,0.6568955159046017,0.6656621487068599,0.6611836021230787
2025-03-29 19:36:43.147,rf.nn.train.agent.a2,54,2025-03-29T18:36:40.377203Z,a2,2.739926,2,0.9983099781705513,0.005391043009126406,0.9890330139257957,0.9929475558099344,0.990966255295945
2025-03-29 19:36:45.895,rf.nn.train.agent.a2,54,2025-03-29T18:36:43.147167Z,a2,2.71456,3,0.9935920005633406,0.021896591245482103,0.9897484138126109,0.9857251872096895,0.9877116834263021
2025-03-29 19:36:48.039,rf.nn.train.agent.a4,54,2025-03-29T18:36:47.640858Z,a4,0.389659,1,0.9994068801897983,0.0030250578387288974,0.9444444444444444,0.9998100664767331,0.9628679149637234
2025-03-29 19:36:48.387,rf.nn.train.agent.a4,54,2025-03-29T18:36:48.039276Z,a4,0.347935,2,1.0,0.0007929945166770782,1.0,1.0,1.0
2025-03-29 19:36:48.723,rf.nn.train.agent.a4,54,2025-03-29T18:36:48.387926Z,a4,0.329234,3,1.0,0.0015660219116467007,1.0,1.0,1.0
2025-03-29 19:36:58.124,rf.nn.train.agent.a1,55,2025-03-29T18:36:57.447902Z,a1,0.670285,1,0.9988059701492538,0.004584254700698477,0.9892175014617033,0.9992368418046178,0.994079313430324
2025-03-29 19:36:58.775,rf.nn.train.agent.a1,55,2025-03-29T18:36:58.126106Z,a1,0.643538,2,0.9991044776119403,0.001458121380432788,0.999303489709342,0.9988145152384107,0.9990586070940475
2025-03-29 19:36:59.420,rf.nn.train.agent.a1,55,2025-03-29T18:36:58.777634Z,a1,0.637512,3,0.9994029850746269,0.002608514037972652,0.9499318336741649,0.9499318336741649,0.9499318336741649
2025-03-29 19:37:01.182,rf.nn.train.agent.a4,55,2025-03-29T18:37:00.811241Z,a4,0.368472,1,0.9543297746144721,0.12513786269448487,0.437260255115024,0.521777446247645,0.4581056538370527
2025-03-29 19:37:01.512,rf.nn.train.agent.a4,55,2025-03-29T18:37:01.185248Z,a4,0.324026,2,0.9916963226571768,0.023673056114963606,0.9979353256605934,0.9949533297215416,0.9964225676542129
2025-03-29 19:37:01.843,rf.nn.train.agent.a4,55,2025-03-29T18:37:01.515275Z,a4,0.325092,3,0.99644128113879,0.013949555715095452,0.9991991466682791,0.9990300272860979,0.9991141638829186
2025-03-29 19:37:04.705,rf.nn.train.agent.a3,55,2025-03-29T18:37:03.162769Z,a3,1.529561,1,0.9894179894179894,0.0324866075776606,0.8544259073931197,0.8865088327827101,0.8690966770243653
2025-03-29 19:37:06.186,rf.nn.train.agent.a3,55,2025-03-29T18:37:04.708516Z,a3,1.46538,2,0.982836495031617,0.059614053463231474,0.9557450500853714,0.9526021587758069,0.9539216225271756
2025-03-29 19:37:07.675,rf.nn.train.agent.a3,55,2025-03-29T18:37:06.189522Z,a3,1.47186,3,0.9861917666795715,0.046785871066073695,0.9767046380975659,0.966179650384588,0.9711428804092745
2025-03-29 19:37:12.037,rf.nn.train.agent.a2,55,2025-03-29T18:37:09.233806Z,a2,2.775517,1,0.9951411872403352,0.015188158570829622,0.5828280740242249,0.5907924765142293,0.5866185619417541
2025-03-29 19:37:14.771,rf.nn.train.agent.a2,55,2025-03-29T18:37:12.040884Z,a2,2.703463,2,0.9915498908527568,0.03283491722835957,0.9942394431788636,0.9942283506594668,0.9942337579938214
2025-03-29 19:37:17.495,rf.nn.train.agent.a2,55,2025-03-29T18:37:14.774781Z,a2,2.692846,3,0.9914794732765299,0.02899830103737779,0.8438898530618602,0.8487425953919373,0.8462729791803668
2025-03-29 19:37:21.865,rf.nn.train.agent.a0,55,2025-03-29T18:37:19.282915Z,a0,2.559909,1,0.9983092529972333,0.0052691436230536855,0.623057179063035,0.6242213875058826,0.6236360082247363
2025-03-29 19:37:24.357,rf.nn.train.agent.a0,55,2025-03-29T18:37:21.867597Z,a0,2.467598,2,0.9993851829080849,0.0024544485653236778,0.9995860464191649,0.999586103124801,0.9995860270615088
2025-03-29 19:37:26.866,rf.nn.train.agent.a0,55,2025-03-29T18:37:24.359367Z,a0,2.482924,3,0.999615739317553,0.0018176871755838503,0.9996297504185805,0.9995225427100827,0.9995761038126192
2025-03-29 19:37:36.614,rf.nn.train.agent.a1,56,2025-03-29T18:37:36.021754Z,a1,0.586252,1,0.9973134328358209,0.008261253181223895,0.89106275348494,0.9909946801237499,0.924362044336301
2025-03-29 19:37:37.226,rf.nn.train.agent.a1,56,2025-03-29T18:37:36.615519Z,a1,0.605567,2,0.9997014925373134,0.0018904430617556586,0.9999318568994889,0.9994413407821229,0.9996862023646826
2025-03-29 19:37:37.799,rf.nn.train.agent.a1,56,2025-03-29T18:37:37.227594Z,a1,0.566551,3,0.9997014925373134,0.00039880479494343036,0.9999318568994889,0.9962264150943396,0.9980611607396408
2025-03-29 19:37:41.921,rf.nn.train.agent.a2,56,2025-03-29T18:37:39.177255Z,a2,2.719149,1,0.9986620660516865,0.004038957874676832,0.7494316394234729,0.7493161354164803,0.749373782516439
2025-03-29 19:37:44.708,rf.nn.train.agent.a2,56,2025-03-29T18:37:41.924874Z,a2,2.753391,2,0.999859164847546,0.001194288133690678,0.9999017000328526,0.999901986865433,0.9999018362771529
2025-03-29 19:37:47.533,rf.nn.train.agent.a2,56,2025-03-29T18:37:44.711922Z,a2,2.793351,3,0.9988029012041405,0.006630892031575938,0.9991797949261297,0.9991736074880949,0.9991765069694288
2025-03-29 19:37:49.812,rf.nn.train.agent.a4,56,2025-03-29T18:37:49.401486Z,a4,0.406836,1,0.9940688018979834,0.019020877536913415,0.8139277830246352,0.9986095500444286,0.8692313252331066
2025-03-29 19:37:50.182,rf.nn.train.agent.a4,56,2025-03-29T18:37:49.814322Z,a4,0.364675,2,0.9994068801897983,0.0016021268439664778,0.9998103905953736,0.9998948806895827,0.9998525298075922
2025-03-29 19:37:50.544,rf.nn.train.agent.a4,56,2025-03-29T18:37:50.184996Z,a4,0.356419,3,1.0,0.0005393963074654819,1.0,1.0,1.0
2025-03-29 19:37:53.661,rf.nn.train.agent.a3,56,2025-03-29T18:37:52.052200Z,a3,1.596642,1,0.9959994838043619,0.012108937854891488,0.9705920694500347,0.9917098446040714,0.9808418112934876
2025-03-29 19:37:55.202,rf.nn.train.agent.a3,56,2025-03-29T18:37:53.663357Z,a3,1.525882,2,0.9994838043618531,0.0016422328621374224,0.9943479525356066,0.999696260510724,0.9969507904431515
2025-03-29 19:37:56.784,rf.nn.train.agent.a3,56,2025-03-29T18:37:55.204632Z,a3,1.567565,3,0.9998709510904633,0.0007500781378460272,0.9978632478632478,0.9941520467836258,0.9959182483454327
2025-03-29 19:38:01.073,rf.nn.train.agent.a0,56,2025-03-29T18:37:58.467623Z,a0,2.583628,1,0.975253612050415,0.07528559747041193,0.5350281461220043,0.5378115399104053,0.536397745282922
2025-03-29 19:38:03.633,rf.nn.train.agent.a0,56,2025-03-29T18:38:01.077061Z,a0,2.533069,2,0.9855517983399938,0.045404045293123536,0.9788460813039894,0.980791518316745,0.9798067636033346
2025-03-29 19:38:06.144,rf.nn.train.agent.a0,56,2025-03-29T18:38:03.635341Z,a0,2.487249,3,0.9899323701198893,0.03196855174493297,0.9833477041954204,0.9849029089470089,0.9841202549483908
2025-03-29 19:38:15.889,rf.nn.train.agent.a1,57,2025-03-29T18:38:15.220325Z,a1,0.663685,1,0.9994029850746269,0.004448158448561961,0.8666666666666666,0.9998636673483299,0.8999318104330036
2025-03-29 19:38:16.460,rf.nn.train.agent.a1,57,2025-03-29T18:38:15.891514Z,a1,0.563116,2,1.0,0.00010407239478051148,1.0,1.0,1.0
2025-03-29 19:38:17.028,rf.nn.train.agent.a1,57,2025-03-29T18:38:16.462142Z,a1,0.561096,3,1.0,0.00011491653193670139,1.0,1.0,1.0
2025-03-29 19:38:18.755,rf.nn.train.agent.a4,57,2025-03-29T18:38:18.409003Z,a4,0.342896,1,0.9994068801897983,0.0027646784579907413,0.9998103905953736,0.9998948806895827,0.9998525298075922
2025-03-29 19:38:19.077,rf.nn.train.agent.a4,57,2025-03-29T18:38:18.757377Z,a4,0.319998,2,1.0,0.0005012331255544131,1.0,1.0,1.0
2025-03-29 19:38:19.412,rf.nn.train.agent.a4,57,2025-03-29T18:38:19.084303Z,a4,0.326505,3,1.0,0.0007870689062158663,1.0,1.0,1.0
2025-03-29 19:38:23.349,rf.nn.train.agent.a0,57,2025-03-29T18:38:20.777329Z,a0,2.549956,1,0.9979249923147864,0.009371348314978592,0.6217294801369009,0.6235473696053202,0.622631571363863
2025-03-29 19:38:25.909,rf.nn.train.agent.a0,57,2025-03-29T18:38:23.349441Z,a0,2.537685,2,0.9964648017214879,0.010723462716419857,0.8305645673272265,0.8289779995127634,0.8297671896640973
2025-03-29 19:38:28.487,rf.nn.train.agent.a0,57,2025-03-29T18:38:25.909681Z,a0,2.557482,3,0.9950814632646787,0.016946542496414498,0.9903514472982046,0.9902370013342153,0.9902941563046637
2025-03-29 19:38:31.827,rf.nn.train.agent.a3,57,2025-03-29T18:38:30.231576Z,a3,1.585793,1,0.9948380436185315,0.015094077044721514,0.8765368122511074,0.8846477429054694,0.8801129216934355
2025-03-29 19:38:33.370,rf.nn.train.agent.a3,57,2025-03-29T18:38:31.836967Z,a3,1.520306,2,0.9979352174474125,0.007352314107293627,0.9926994300205239,0.9974137750723345,0.9949812975227998
2025-03-29 19:38:34.907,rf.nn.train.agent.a3,57,2025-03-29T18:38:33.372978Z,a3,1.524245,3,0.9935475545231642,0.020441125288815275,0.9754511864932068,0.9772011417343004,0.9762160512366239
2025-03-29 19:38:39.482,rf.nn.train.agent.a2,57,2025-03-29T18:38:36.532108Z,a2,2.9228,1,0.9883106823463136,0.04213711345483216,0.6526324586025959,0.6614158038715858,0.6569287956636752
2025-03-29 19:38:42.363,rf.nn.train.agent.a2,57,2025-03-29T18:38:39.485524Z,a2,2.852046,2,0.9902823744806704,0.031091418595259383,0.9933820593432771,0.9794147303580033,0.9862425540797077
2025-03-29 19:38:45.249,rf.nn.train.agent.a2,57,2025-03-29T18:38:42.367120Z,a2,2.855318,3,0.9914794732765299,0.032996341783127145,0.9902400053017066,0.97841159073979,0.9841052400122977
2025-03-29 19:38:55.300,rf.nn.train.agent.a1,58,2025-03-29T18:38:54.612121Z,a1,0.682618,1,0.9973134328358209,0.005864294526279374,0.770849830890179,0.8254201560264232,0.7925781326699043
2025-03-29 19:38:55.882,rf.nn.train.agent.a1,58,2025-03-29T18:38:55.302783Z,a1,0.574162,2,0.9976119402985074,0.007128445447913345,0.9938632455679961,0.9979831907171934,0.9959055026582522
2025-03-29 19:38:56.503,rf.nn.train.agent.a1,58,2025-03-29T18:38:55.885113Z,a1,0.609295,3,0.9985074626865672,0.0026419120772918484,0.9949727640069153,0.9949727640069153,0.9949727640069153
2025-03-29 19:39:00.849,rf.nn.train.agent.a2,58,2025-03-29T18:38:57.945216Z,a2,2.87678,1,0.9985916484754594,0.004752976226783859,0.6636461214334083,0.6660355163457946,0.6648248013844642
2025-03-29 19:39:03.786,rf.nn.train.agent.a2,58,2025-03-29T18:39:00.853537Z,a2,2.904669,2,0.999859164847546,0.0008380934528108215,0.9999022187733472,0.999901986865433,0.9999020955711183
2025-03-29 19:39:06.730,rf.nn.train.agent.a2,58,2025-03-29T18:39:03.789612Z,a2,2.912661,3,0.9997183296950919,0.0009257794626164581,0.9998103735723042,0.9939005574531737,0.9968013430174681
2025-03-29 19:39:11.398,rf.nn.train.agent.a0,58,2025-03-29T18:39:08.619052Z,a0,2.758194,1,0.9917768213956348,0.028422195033696727,0.49608186998211573,0.4952590847758166,0.4956697322855928
2025-03-29 19:39:14.097,rf.nn.train.agent.a0,58,2025-03-29T18:39:11.402663Z,a0,2.668146,2,0.9956194282201045,0.012955800432662267,0.7111119045795276,0.7093196847173971,0.7102116129910255
2025-03-29 19:39:16.767,rf.nn.train.agent.a0,58,2025-03-29T18:39:14.099714Z,a0,2.642497,3,0.9843990162926529,0.05341477656473136,0.9794461334407887,0.9819227619388856,0.9806738847765161
2025-03-29 19:39:20.260,rf.nn.train.agent.a3,58,2025-03-29T18:39:18.576487Z,a3,1.670649,1,0.9965156794425087,0.011904801803888422,0.875073173163808,0.8972589496556754,0.8856076733708502
2025-03-29 19:39:21.868,rf.nn.train.agent.a3,58,2025-03-29T18:39:20.260380Z,a3,1.595589,2,0.9950961414376048,0.01572409546443147,0.9932174643238607,0.9962144222038142,0.9947026399126323
2025-03-29 19:39:23.479,rf.nn.train.agent.a3,58,2025-03-29T18:39:21.868603Z,a3,1.598024,3,0.9885146470512324,0.04642735479873387,0.9738871548703114,0.9750935470027079,0.974050820662325
2025-03-29 19:39:25.527,rf.nn.train.agent.a4,58,2025-03-29T18:39:25.131097Z,a4,0.390481,1,0.9810201660735468,0.05960846699023057,0.5957597931486083,0.795922179365888,0.6624800291423611
2025-03-29 19:39:25.884,rf.nn.train.agent.a4,58,2025-03-29T18:39:25.529678Z,a4,0.352621,2,0.9958481613285883,0.013185506133732764,0.9350350642017309,0.9562848320022712,0.9326775344932136
2025-03-29 19:39:26.241,rf.nn.train.agent.a4,58,2025-03-29T18:39:25.887518Z,a4,0.349642,3,0.9970344009489917,0.011384847378583387,0.9437702976418341,0.9993047750222144,0.9622780969386435
2025-03-29 19:39:37.695,rf.nn.train.agent.a2,59,2025-03-29T18:39:34.953291Z,a2,2.714741,1,0.9857756496021407,0.04904739085126543,0.6395070045134645,0.6429205520830957,0.6411806792262901
2025-03-29 19:39:40.450,rf.nn.train.agent.a2,59,2025-03-29T18:39:37.698116Z,a2,2.72442,2,0.9889444405323569,0.033938209761054335,0.838604367609709,0.8320909351339448,0.8351458493255143
2025-03-29 19:39:43.307,rf.nn.train.agent.a2,59,2025-03-29T18:39:40.452094Z,a2,2.828706,3,0.9879585944651785,0.04306324753464362,0.8320362918160914,0.8382081765615172,0.835046882221943
2025-03-29 19:39:47.999,rf.nn.train.agent.a0,59,2025-03-29T18:39:45.233732Z,a0,2.742288,1,0.9964648017214879,0.011630898665275854,0.4971461247309401,0.4979566769404905,0.4975458302090184
2025-03-29 19:39:50.632,rf.nn.train.agent.a0,59,2025-03-29T18:39:48.001402Z,a0,2.609762,2,0.9996925914540424,0.0012063110258367748,0.9996827066503521,0.9996827066503521,0.9996827066503521
2025-03-29 19:39:53.303,rf.nn.train.agent.a0,59,2025-03-29T18:39:50.635731Z,a0,2.644967,3,0.9946972025822318,0.01991413447717689,0.9915065413684745,0.9912861577579355,0.9913962003317011
2025-03-29 19:39:55.580,rf.nn.train.agent.a4,59,2025-03-29T18:39:55.168977Z,a4,0.408134,1,0.9905100830367735,0.027081640525655117,0.7413056726162791,0.897875619597474,0.782784394806641
2025-03-29 19:39:55.945,rf.nn.train.agent.a4,59,2025-03-29T18:39:55.583638Z,a4,0.35845,2,1.0,0.0023367205927947994,1.0,1.0,1.0
2025-03-29 19:39:56.312,rf.nn.train.agent.a4,59,2025-03-29T18:39:55.948557Z,a4,0.360866,3,1.0,0.0004997802132767798,1.0,1.0,1.0
2025-03-29 19:39:59.335,rf.nn.train.agent.a3,59,2025-03-29T18:39:57.747017Z,a3,1.575135,1,0.9908375274228933,0.027877115780871396,0.8478054542731828,0.8834549838850556,0.8642919047780033
2025-03-29 19:40:00.939,rf.nn.train.agent.a3,59,2025-03-29T18:39:59.337768Z,a3,1.585983,2,0.9969028261711188,0.00805809484318245,0.9877946565872551,0.9885173361428357,0.9880324570125281
2025-03-29 19:40:02.539,rf.nn.train.agent.a3,59,2025-03-29T18:40:00.943432Z,a3,1.583717,3,0.9947089947089947,0.017265384381599733,0.9962472346148024,0.99682843496848,0.9965370300300312
2025-03-29 19:40:04.942,rf.nn.train.agent.a1,59,2025-03-29T18:40:04.197175Z,a1,0.739778,1,0.9982089552238806,0.009595744973239562,0.8326367834618976,0.8313575253973512,0.8319942051285727
2025-03-29 19:40:05.637,rf.nn.train.agent.a1,59,2025-03-29T18:40:04.944715Z,a1,0.686123,2,0.9991044776119403,0.0046827017679698015,0.9993050545811007,0.9955995895506273,0.9974343468105694
2025-03-29 19:40:06.308,rf.nn.train.agent.a1,59,2025-03-29T18:40:05.638043Z,a1,0.665904,3,0.9952238805970149,0.019309555723778734,0.9880864515317139,0.9890460371667784,0.9885646952683083
2025-03-29 19:40:15.829,rf.nn.train.agent.a1,60,2025-03-29T18:40:15.078680Z,a1,0.746865,1,0.9964179104477612,0.019496788992980945,0.7473946140372371,0.8248409961351338,0.7721681171181176
2025-03-29 19:40:16.427,rf.nn.train.agent.a1,60,2025-03-29T18:40:15.829819Z,a1,0.588267,2,0.9988059701492538,0.003034251984860214,0.9955314232247924,0.9955314232247924,0.9955314232247924
2025-03-29 19:40:17.027,rf.nn.train.agent.a1,60,2025-03-29T18:40:16.427063Z,a1,0.595467,3,0.9997014925373134,0.0008017099597854296,0.9999318568994889,0.9994413407821229,0.9996862023646826
2025-03-29 19:40:21.142,rf.nn.train.agent.a0,60,2025-03-29T18:40:18.467898Z,a0,2.649511,1,0.9887795880725484,0.03351182140611886,0.5482927917708631,0.5492812984283947,0.5487840695545805
2025-03-29 19:40:23.772,rf.nn.train.agent.a0,60,2025-03-29T18:40:21.147154Z,a0,2.600136,2,0.9915462649861666,0.0263734069228213,0.9913959199502594,0.9900354437043817,0.9907138231394939
2025-03-29 19:40:26.410,rf.nn.train.agent.a0,60,2025-03-29T18:40:23.772261Z,a0,2.614151,3,0.9848601291115893,0.056543290796699446,0.8164498539049044,0.8192154977866735,0.8178171911030891
2025-03-29 19:40:28.688,rf.nn.train.agent.a4,60,2025-03-29T18:40:28.266388Z,a4,0.418133,1,0.9911032028469751,0.030954048337078793,0.7092646373264572,0.8954397221615764,0.7516553452028943
2025-03-29 19:40:29.051,rf.nn.train.agent.a4,60,2025-03-29T18:40:28.690027Z,a4,0.358208,2,0.9994068801897983,0.0024145010738892488,0.9998103905953736,0.9998948806895827,0.9998525298075922
2025-03-29 19:40:29.398,rf.nn.train.agent.a4,60,2025-03-29T18:40:29.053227Z,a4,0.342393,3,1.0,0.0004506043118247894,1.0,1.0,1.0
2025-03-29 19:40:32.415,rf.nn.train.agent.a3,60,2025-03-29T18:40:30.827053Z,a3,1.574905,1,0.9957413859852884,0.011447784011510401,0.8728867725225973,0.8963067100008655,0.8839995491329382
2025-03-29 19:40:34.000,rf.nn.train.agent.a3,60,2025-03-29T18:40:32.417987Z,a3,1.569015,2,0.9989676087237063,0.0023181412613815216,0.9979271746967078,0.995772609503386,0.9968368168267183
2025-03-29 19:40:35.600,rf.nn.train.agent.a3,60,2025-03-29T18:40:34.003738Z,a3,1.584364,3,0.9975480707188025,0.008857871382433343,0.9958685358208668,0.9974042577242308,0.9966324268656636
2025-03-29 19:40:40.193,rf.nn.train.agent.a2,60,2025-03-29T18:40:37.247204Z,a2,2.918953,1,0.9990141539328217,0.0033983424672322364,0.6574383242484009,0.6662180419383853,0.6617330221109321
2025-03-29 19:40:43.115,rf.nn.train.agent.a2,60,2025-03-29T18:40:40.197372Z,a2,2.892806,2,1.0,0.00015588926522244124,1.0,1.0,1.0
2025-03-29 19:40:46.054,rf.nn.train.agent.a2,60,2025-03-29T18:40:43.120487Z,a2,2.90661,3,0.999929582423773,0.00045107456040870917,0.9999509659703835,0.9999507340624693,0.9999508427681546
2025-03-29 19:40:55.730,rf.nn.train.agent.a1,61,2025-03-29T18:40:54.948648Z,a1,0.775465,1,0.9794029850746269,0.08679003111015565,0.37745216628949185,0.4881781106585451,0.40939475068479414
2025-03-29 19:40:56.364,rf.nn.train.agent.a1,61,2025-03-29T18:40:55.732625Z,a1,0.626465,2,0.9955223880597015,0.01467620672091893,0.9883554360531326,0.9826843521170469,0.9854467268268158
2025-03-29 19:40:56.957,rf.nn.train.agent.a1,61,2025-03-29T18:40:56.367091Z,a1,0.584216,3,0.997910447761194,0.005874422178316676,0.9947639553160477,0.9911310127754198,0.9929298543607796
2025-03-29 19:40:58.792,rf.nn.train.agent.a4,61,2025-03-29T18:40:58.413673Z,a4,0.375575,1,0.9911032028469751,0.02601308763227074,0.7737451732743693,0.8954397221615764,0.8037391727910009
2025-03-29 19:40:59.150,rf.nn.train.agent.a4,61,2025-03-29T18:40:58.794247Z,a4,0.352768,2,0.9958481613285883,0.012379640125834826,0.8494502277163306,0.8988797515949833,0.8658296250193441
2025-03-29 19:40:59.508,rf.nn.train.agent.a4,61,2025-03-29T18:40:59.152523Z,a4,0.35261,3,0.99644128113879,0.007474505910308063,0.9068171026504359,0.9622677379851772,0.9252831362312351
2025-03-29 19:41:04.118,rf.nn.train.agent.a0,61,2025-03-29T18:41:01.341612Z,a0,2.754593,1,0.9983092529972333,0.006225047560277771,0.49820481914699144,0.4993215793090604,0.49875772011266883
2025-03-29 19:41:06.828,rf.nn.train.agent.a0,61,2025-03-29T18:41:04.120267Z,a0,2.685191,2,0.9997694435905318,0.0006804795272954068,0.9998422235411564,0.999737078320174,0.999789588072795
2025-03-29 19:41:09.544,rf.nn.train.agent.a0,61,2025-03-29T18:41:06.830811Z,a0,2.691554,3,0.9996925914540424,0.0009473504710222723,0.9996842241975525,0.9996842241975525,0.9996842241975525
2025-03-29 19:41:14.494,rf.nn.train.agent.a2,61,2025-03-29T18:41:11.441118Z,a2,3.025155,1,0.9991549890852757,0.0031651251726312235,0.8566866979299554,0.8566557747875212,0.8566712240683602
2025-03-29 19:41:17.437,rf.nn.train.agent.a2,61,2025-03-29T18:41:14.497166Z,a2,2.90993,2,0.9878177593127244,0.04531641352582892,0.9818244647767708,0.9818165062459968,0.9818201858084626
2025-03-29 19:41:20.369,rf.nn.train.agent.a2,61,2025-03-29T18:41:17.437036Z,a2,2.903555,3,0.9871135835504542,0.04751344436707177,0.8393391264307893,0.8393260766425744,0.8393324644248777
2025-03-29 19:41:23.999,rf.nn.train.agent.a3,61,2025-03-29T18:41:22.307249Z,a3,1.681835,1,0.998193315266486,0.005935433712561406,0.8677677393050685,0.8983105921516265,0.8817919055892084
2025-03-29 19:41:25.587,rf.nn.train.agent.a3,61,2025-03-29T18:41:23.999157Z,a3,1.578097,2,0.9994838043618531,0.0017540854188165032,0.9987924869666932,0.9993124885808994,0.9990517275521579
2025-03-29 19:41:27.223,rf.nn.train.agent.a3,61,2025-03-29T18:41:25.597722Z,a3,1.612965,3,0.9869660601367919,0.05171987271638994,0.9723233932286095,0.9739112875871838,0.9729911663842946
2025-03-29 19:41:39.064,rf.nn.train.agent.a2,62,2025-03-29T18:41:36.357228Z,a2,2.680218,1,0.9990845715090486,0.0032964564038516567,0.8484797739741966,0.8566078372325264,0.8524800668588168
2025-03-29 19:41:41.856,rf.nn.train.agent.a2,62,2025-03-29T18:41:39.067311Z,a2,2.761019,2,0.999859164847546,0.0004514826049736208,0.9999088905839478,0.9999016856025907,0.999905274586013
2025-03-29 19:41:44.813,rf.nn.train.agent.a2,62,2025-03-29T18:41:41.860032Z,a2,2.925003,3,0.999788747271319,0.0007147338606839865,0.9959334316343368,0.9998592983526756,0.9978724571537579
2025-03-29 19:41:49.774,rf.nn.train.agent.a0,62,2025-03-29T18:41:46.827255Z,a0,2.923302,1,0.9889332923455272,0.03697265354319968,0.5462987785084265,0.5461469210063753,0.5462225189540173
2025-03-29 19:41:52.683,rf.nn.train.agent.a0,62,2025-03-29T18:41:49.777238Z,a0,2.883101,2,0.9840916077466954,0.05252294011883019,0.9807611481664125,0.9797602142832004,0.9802590286638841
2025-03-29 19:41:55.457,rf.nn.train.agent.a0,62,2025-03-29T18:41:52.687401Z,a0,2.744726,3,0.9897018137104211,0.034894400766794294,0.98371117250417,0.9872574867801308,0.9854653058114942
2025-03-29 19:41:58.209,rf.nn.train.agent.a1,62,2025-03-29T18:41:57.382611Z,a1,0.81875,1,0.9994029850746269,0.0015431359845998877,0.7142857142857143,0.7141883338202356,0.7142370074521455
2025-03-29 19:41:58.939,rf.nn.train.agent.a1,62,2025-03-29T18:41:58.211306Z,a1,0.727892,2,1.0,9.72285954684962e-05,1.0,1.0,1.0
2025-03-29 19:41:59.674,rf.nn.train.agent.a1,62,2025-03-29T18:41:58.948295Z,a1,0.72016,3,0.9997014925373134,0.0003378876384934821,0.9999318568994889,0.9962264150943396,0.9980611607396408
2025-03-29 19:42:01.667,rf.nn.train.agent.a4,62,2025-03-29T18:42:01.237375Z,a4,0.429973,1,0.9958481613285883,0.013566203505176401,0.8469360820520613,0.8990324171781126,0.8646317242550594
2025-03-29 19:42:02.050,rf.nn.train.agent.a4,62,2025-03-29T18:42:01.667348Z,a4,0.379742,2,0.9988137603795967,0.0022315678145461344,0.9997901584303851,0.9996201329534663,0.9997047212943061
2025-03-29 19:42:02.416,rf.nn.train.agent.a4,62,2025-03-29T18:42:02.050149Z,a4,0.35728,3,1.0,0.0009864638614604734,1.0,1.0,1.0
2025-03-29 19:42:05.669,rf.nn.train.agent.a3,62,2025-03-29T18:42:03.991384Z,a3,1.665763,1,0.9971609239901923,0.008671307372785816,0.9835583660274274,0.995321799799339,0.9891724634576146
2025-03-29 19:42:07.326,rf.nn.train.agent.a3,62,2025-03-29T18:42:05.669772Z,a3,1.644081,2,0.9993547554523164,0.0018273905639277918,0.9954777225625949,0.9975741146987084,0.9965155423803728
2025-03-29 19:42:08.937,rf.nn.train.agent.a3,62,2025-03-29T18:42:07.326987Z,a3,1.590044,3,0.999096657633243,0.003080305238967594,0.999778976918004,0.9997420098922036,0.9997604444852032
2025-03-29 19:42:19.201,rf.nn.train.agent.a3,63,2025-03-29T18:42:17.597351Z,a3,1.595371,1,0.9958704348948252,0.013380788627724436,0.8542790352976096,0.8950673155978388,0.8714540247375696
2025-03-29 19:42:20.669,rf.nn.train.agent.a3,63,2025-03-29T18:42:19.207242Z,a3,1.445307,2,0.993676603432701,0.027137559361250747,0.9845812934724061,0.9793138155866004,0.9816939544803659
2025-03-29 19:42:22.210,rf.nn.train.agent.a3,63,2025-03-29T18:42:20.669273Z,a3,1.528006,3,0.9838688863079107,0.062106152336696606,0.9708193477834024,0.9663409473265356,0.9683047957739803
2025-03-29 19:42:24.338,rf.nn.train.agent.a4,63,2025-03-29T18:42:23.927070Z,a4,0.403132,1,0.9851720047449585,0.05113708854277886,0.7529797321743631,0.9938818315198006,0.792427728765757
2025-03-29 19:42:24.707,rf.nn.train.agent.a4,63,2025-03-29T18:42:24.338452Z,a4,0.364028,2,0.998220640569395,0.010671207741736752,0.9441490663821246,0.999515013643049,0.9625726996548268
2025-03-29 19:42:25.076,rf.nn.train.agent.a4,63,2025-03-29T18:42:24.709948Z,a4,0.36367,3,0.9970344009489917,0.008186136575024545,0.9992207340756829,0.9993047750222144,0.9992626490379612
2025-03-29 19:42:27.663,rf.nn.train.agent.a1,63,2025-03-29T18:42:26.849784Z,a1,0.807593,1,0.997910447761194,0.006098370267088307,0.707347925984607,0.8325269523559272,0.7324369952597323
2025-03-29 19:42:28.387,rf.nn.train.agent.a1,63,2025-03-29T18:42:27.667221Z,a1,0.720048,2,1.0,0.00029285536458777036,1.0,1.0,1.0
2025-03-29 19:42:29.111,rf.nn.train.agent.a1,63,2025-03-29T18:42:28.387269Z,a1,0.72024,3,1.0,4.716127364000992e-05,1.0,1.0,1.0
2025-03-29 19:42:33.802,rf.nn.train.agent.a2,63,2025-03-29T18:42:30.667119Z,a2,3.10773,1,0.9925357369199352,0.02588366677428302,0.6476113804478919,0.64738292963518,0.6474970472283167
2025-03-29 19:42:36.860,rf.nn.train.agent.a2,63,2025-03-29T18:42:33.807348Z,a2,3.024357,2,0.9906344623618055,0.03341624668494738,0.9783617505218736,0.9878094148371334,0.9830128515740101
2025-03-29 19:42:39.943,rf.nn.train.agent.a2,63,2025-03-29T18:42:36.862365Z,a2,3.055025,3,0.9882402647700866,0.044916216079983355,0.9731680421288601,0.988047585269404,0.9803916985455657
2025-03-29 19:42:44.893,rf.nn.train.agent.a0,63,2025-03-29T18:42:41.947207Z,a0,2.922568,1,0.9988472179526591,0.003329464492132236,0.7123673771305351,0.713575062162407,0.7129677572485533
2025-03-29 19:42:47.712,rf.nn.train.agent.a0,63,2025-03-29T18:42:44.895394Z,a0,2.791851,2,0.9999231478635106,0.0005005327306970465,0.9999493927125507,0.9998383185125302,0.999893819721421
2025-03-29 19:42:50.604,rf.nn.train.agent.a0,63,2025-03-29T18:42:47.717015Z,a0,2.86009,3,0.9988472179526591,0.003528650977487977,0.9980805385843003,0.9982952037228248,0.998187693900694
2025-03-29 19:43:03.064,rf.nn.train.agent.a0,64,2025-03-29T18:43:00.169933Z,a0,2.869142,1,0.9852443897940363,0.04274573830938768,0.48743359984330326,0.48932306544100046,0.48836402038799276
2025-03-29 19:43:05.948,rf.nn.train.agent.a0,64,2025-03-29T18:43:03.068817Z,a0,2.853795,2,0.9833999385182908,0.05513523393393913,0.9805335354125694,0.9830405173771617,0.9817778537314282
2025-03-29 19:43:08.907,rf.nn.train.agent.a0,64,2025-03-29T18:43:05.950384Z,a0,2.932937,3,0.9907777436212727,0.029405816199645687,0.9906473838364184,0.9886918587937025,0.9896647665674208
2025-03-29 19:43:12.724,rf.nn.train.agent.a3,64,2025-03-29T18:43:10.887286Z,a3,1.819983,1,0.9978061685378758,0.005617282267978905,0.9739731197073827,0.9985770341109999,0.9858244195714805
2025-03-29 19:43:14.451,rf.nn.train.agent.a3,64,2025-03-29T18:43:12.727307Z,a3,1.709903,2,0.9998709510904633,0.0006864874484666524,0.9999719487222644,0.9999596253229974,0.9999657815835162
2025-03-29 19:43:16.183,rf.nn.train.agent.a3,64,2025-03-29T18:43:14.451110Z,a3,1.717956,3,1.0,0.00041760262221872716,1.0,1.0,1.0
2025-03-29 19:43:18.449,rf.nn.train.agent.a4,64,2025-03-29T18:43:17.989102Z,a4,0.455973,1,1.0,0.0030567363050891493,1.0,1.0,1.0
2025-03-29 19:43:18.845,rf.nn.train.agent.a4,64,2025-03-29T18:43:18.450108Z,a4,0.391522,2,1.0,0.0005586393883345838,1.0,1.0,1.0
2025-03-29 19:43:19.228,rf.nn.train.agent.a4,64,2025-03-29T18:43:18.847122Z,a4,0.381337,3,0.9994068801897983,0.0009850424386007395,0.9998103905953736,0.9998948806895827,0.9998525298075922
2025-03-29 19:43:23.967,rf.nn.train.agent.a2,64,2025-03-29T18:43:20.758451Z,a2,3.184058,1,0.9992958242377298,0.002809893978347883,0.8485383259247178,0.8567279940098091,0.8525694149071895
2025-03-29 19:43:27.152,rf.nn.train.agent.a2,64,2025-03-29T18:43:23.971848Z,a2,3.155182,2,1.0,0.0002493484516033849,1.0,1.0,1.0
2025-03-29 19:43:30.328,rf.nn.train.agent.a2,64,2025-03-29T18:43:27.158987Z,a2,3.139829,3,0.999929582423773,0.0003246940217301265,0.996031746031746,0.9999576127500848,0.9979707715511671
2025-03-29 19:43:33.279,rf.nn.train.agent.a1,64,2025-03-29T18:43:32.425852Z,a1,0.847774,1,0.9856716417910448,0.04560354556118303,0.35465175835171375,0.3545505728823909,0.3546006262373055
2025-03-29 19:43:34.043,rf.nn.train.agent.a1,64,2025-03-29T18:43:33.281136Z,a1,0.758136,2,0.9988059701492538,0.002138804551578285,0.9955299048036815,0.9950409303327504,0.9952850221883871
2025-03-29 19:43:34.792,rf.nn.train.agent.a1,64,2025-03-29T18:43:34.045281Z,a1,0.740935,3,1.0,0.0005347768248956949,1.0,1.0,1.0
2025-03-29 19:43:43.514,rf.nn.train.agent.a4,65,2025-03-29T18:43:43.068899Z,a4,0.442412,1,0.9893238434163701,0.03557628500637739,0.6569513996694877,0.8976100720471581,0.7181750657590206
2025-03-29 19:43:43.844,rf.nn.train.agent.a4,65,2025-03-29T18:43:43.517007Z,a4,0.32329,2,0.998220640569395,0.004711014970317198,0.9967018446185113,0.9995998278558985,0.9981302428726183
2025-03-29 19:43:44.171,rf.nn.train.agent.a4,65,2025-03-29T18:43:43.846178Z,a4,0.320819,3,0.998220640569395,0.005475820500303701,0.9995997013405149,0.999515013643049,0.9995572515893577
2025-03-29 19:43:47.743,rf.nn.train.agent.a3,65,2025-03-29T18:43:46.016444Z,a3,1.714847,1,0.9965156794425087,0.011822583740481061,0.8778349429199499,0.8977379903688043,0.8872398038716396
2025-03-29 19:43:49.457,rf.nn.train.agent.a3,65,2025-03-29T18:43:47.745444Z,a3,1.698177,2,0.9989676087237063,0.0031926669159853564,0.997064046370989,0.998495052696144,0.9977682998189044
2025-03-29 19:43:51.221,rf.nn.train.agent.a3,65,2025-03-29T18:43:49.459475Z,a3,1.747613,3,0.9903213317847465,0.03603277960181924,0.9766996155932538,0.960841718845616,0.9682583743098863
2025-03-29 19:43:56.031,rf.nn.train.agent.a0,65,2025-03-29T18:43:53.062267Z,a0,2.946016,1,0.9962342453120197,0.01099142150194975,0.5500975694164943,0.553844892774604,0.5519302818475217
2025-03-29 19:43:58.951,rf.nn.train.agent.a0,65,2025-03-29T18:43:56.033938Z,a0,2.893231,2,0.9992314786351061,0.002038282692987669,0.9992658267885854,0.9983314505419767,0.9987973915086619
2025-03-29 19:44:01.903,rf.nn.train.agent.a0,65,2025-03-29T18:43:58.955137Z,a0,2.926134,3,0.9999231478635106,0.0006979326959781113,0.9999471598414795,0.9999493799038218,0.9999482631786887
2025-03-29 19:44:07.227,rf.nn.train.agent.a2,65,2025-03-29T18:44:03.950560Z,a2,3.246515,1,0.9895077811421731,0.03972021152886301,0.650269505535672,0.6526229638991862,0.651430910028232
2025-03-29 19:44:10.298,rf.nn.train.agent.a2,65,2025-03-29T18:44:07.227228Z,a2,3.046333,2,0.9845785508062812,0.05430425853623298,0.8283787775532884,0.8362351873895132,0.8322455179253119
2025-03-29 19:44:13.449,rf.nn.train.agent.a2,65,2025-03-29T18:44:10.306324Z,a2,3.112042,3,0.991901978733892,0.02982598720857158,0.9888041191328584,0.9945095925256933,0.9916064326317929
2025-03-29 19:44:16.337,rf.nn.train.agent.a1,65,2025-03-29T18:44:15.507167Z,a1,0.827961,1,0.9988059701492538,0.0035886567219449717,0.9919672767045148,0.9960219161168344,0.9939772042025995
2025-03-29 19:44:17.088,rf.nn.train.agent.a1,65,2025-03-29T18:44:16.337133Z,a1,0.744699,2,0.9997014925373134,0.0016477306696925456,0.8333333333333334,0.8328677839851024,0.8331002331002332
2025-03-29 19:44:17.837,rf.nn.train.agent.a1,65,2025-03-29T18:44:17.088318Z,a1,0.749226,3,0.9997014925373134,0.0007138879795162114,0.9999318568994889,0.9962264150943396,0.9980611607396408
2025-03-29 19:44:27.407,rf.nn.train.agent.a3,66,2025-03-29T18:44:25.841001Z,a3,1.546177,1,0.9943218479803846,0.019483181281958674,0.8124405544591655,0.8658297799284197,0.8313447992708418
2025-03-29 19:44:28.927,rf.nn.train.agent.a3,66,2025-03-29T18:44:27.410625Z,a3,1.503919,2,0.9997419021809266,0.0008956556788714604,0.9944040697674418,0.9914126167759889,0.9926661780295503
2025-03-29 19:44:30.532,rf.nn.train.agent.a3,66,2025-03-29T18:44:28.927191Z,a3,1.590102,3,1.0,0.00020695782054265264,1.0,1.0,1.0
2025-03-29 19:44:33.077,rf.nn.train.agent.a4,66,2025-03-29T18:44:32.649570Z,a4,0.417545,1,0.9958481613285883,0.01783060333455412,0.8218604501937836,0.8991850827612418,0.8503848488357999
2025-03-29 19:44:33.459,rf.nn.train.agent.a4,66,2025-03-29T18:44:33.077160Z,a4,0.370044,2,0.9994068801897983,0.002411692346010208,0.9998949800462087,0.9998100664767331,0.9998524171964525
2025-03-29 19:44:33.829,rf.nn.train.agent.a4,66,2025-03-29T18:44:33.461245Z,a4,0.367819,3,1.0,0.0005665017905692297,1.0,1.0,1.0
2025-03-29 19:44:38.426,rf.nn.train.agent.a0,66,2025-03-29T18:44:35.450497Z,a0,2.950905,1,0.991623117122656,0.026186899373139637,0.7080158585480437,0.7085342332407762,0.7082740187070583
2025-03-29 19:44:41.327,rf.nn.train.agent.a0,66,2025-03-29T18:44:38.426954Z,a0,2.880254,2,0.983246234245312,0.05412978863964234,0.8162991263434477,0.817267036192677,0.8167815437601202
2025-03-29 19:44:44.257,rf.nn.train.agent.a0,66,2025-03-29T18:44:41.327201Z,a0,2.909988,3,0.9889332923455272,0.038593817371241575,0.9851213096179785,0.9836805200457472,0.9843987551492018
2025-03-29 19:44:47.187,rf.nn.train.agent.a1,66,2025-03-29T18:44:46.334138Z,a1,0.843837,1,0.9874626865671642,0.05045314326172085,0.5015275883916693,0.5770516662057339,0.4945120334542191
2025-03-29 19:44:47.940,rf.nn.train.agent.a1,66,2025-03-29T18:44:47.187213Z,a1,0.753504,2,0.9925373134328358,0.033014199736507925,0.770299178122038,0.7838143021961888,0.7768155275116408
2025-03-29 19:44:48.697,rf.nn.train.agent.a1,66,2025-03-29T18:44:47.947114Z,a1,0.740234,3,0.9940298507462687,0.020970152274830393,0.9831894550506919,0.9776571161239623,0.9803515606244761
2025-03-29 19:44:53.657,rf.nn.train.agent.a2,66,2025-03-29T18:44:50.367234Z,a2,3.261855,1,0.9990845715090486,0.003758138113463597,0.661278670753664,0.6662547241776969,0.6637051457250104
2025-03-29 19:44:56.859,rf.nn.train.agent.a2,66,2025-03-29T18:44:53.657332Z,a2,3.17279,2,1.0,0.00024101210830630926,1.0,1.0,1.0
2025-03-29 19:45:00.100,rf.nn.train.agent.a2,66,2025-03-29T18:44:56.859216Z,a2,3.217815,3,0.999859164847546,0.0003732778669042513,0.999901986865433,0.999901986865433,0.999901986865433
2025-03-29 19:45:12.205,rf.nn.train.agent.a2,67,2025-03-29T18:45:09.186287Z,a2,2.990808,1,0.989226110837265,0.03587892897343143,0.7248776716679717,0.7371093654952162,0.7308100779643947
2025-03-29 19:45:15.198,rf.nn.train.agent.a2,67,2025-03-29T18:45:12.207357Z,a2,2.970027,2,0.9907048799380326,0.034228574834608776,0.8482520814631854,0.8448550463661084,0.8465325873073863
2025-03-29 19:45:18.458,rf.nn.train.agent.a2,67,2025-03-29T18:45:15.207091Z,a2,3.223934,3,0.9897894514470812,0.03769350050642873,0.9848745332562889,0.9810389672232289,0.9829326393888663
2025-03-29 19:45:23.843,rf.nn.train.agent.a0,67,2025-03-29T18:45:20.700721Z,a0,3.116671,1,0.9980786965877652,0.005739640887189659,0.5523575513005521,0.5541387961039341,0.5532377388785132
2025-03-29 19:45:26.893,rf.nn.train.agent.a0,67,2025-03-29T18:45:23.847262Z,a0,3.021626,2,0.9999231478635106,0.0005908849103787549,0.9999493927125507,0.9999478623566216,0.9999486209344488
2025-03-29 19:45:29.907,rf.nn.train.agent.a0,67,2025-03-29T18:45:26.897373Z,a0,2.987241,3,0.9998462957270212,0.000744659773026076,0.9998988110295978,0.9988579263556676,0.9993771187880729
2025-03-29 19:45:33.307,rf.nn.train.agent.a1,67,2025-03-29T18:45:32.343967Z,a1,0.955558,1,0.9991044776119403,0.0039507410166311815,0.7142857142857143,0.713789291521752,0.7140372072523454
2025-03-29 19:45:34.162,rf.nn.train.agent.a1,67,2025-03-29T18:45:33.307299Z,a1,0.850133,2,1.0,4.3979633422200745e-05,1.0,1.0,1.0
2025-03-29 19:45:34.833,rf.nn.train.agent.a1,67,2025-03-29T18:45:34.162502Z,a1,0.665249,3,1.0,6.630653111978106e-05,1.0,1.0,1.0
2025-03-29 19:45:36.867,rf.nn.train.agent.a4,67,2025-03-29T18:45:36.452227Z,a4,0.411709,1,0.9774614472123369,0.07233060201858434,0.7147511625228863,0.7955072006727636,0.7284391736110253
2025-03-29 19:45:37.262,rf.nn.train.agent.a4,67,2025-03-29T18:45:36.867135Z,a4,0.392722,2,0.9952550415183867,0.012591402482871243,0.9405567746837021,0.9958384882225941,0.9589380233240138
2025-03-29 19:45:37.655,rf.nn.train.agent.a4,67,2025-03-29T18:45:37.264652Z,a4,0.382598,3,0.9976275207591934,0.006057559474013616,0.999494652549332,0.9993250801197822,0.9994094425886123
2025-03-29 19:45:41.255,rf.nn.train.agent.a3,67,2025-03-29T18:45:39.320671Z,a3,1.920336,1,0.9938056523422377,0.016159866383514285,0.8321265454537453,0.8916847241028524,0.8553558187444065
2025-03-29 19:45:43.070,rf.nn.train.agent.a3,67,2025-03-29T18:45:41.258159Z,a3,1.79942,2,0.9914827719705769,0.029228892537432858,0.9866248404890816,0.9845625815801555,0.9855828177421618
2025-03-29 19:45:44.897,rf.nn.train.agent.a3,67,2025-03-29T18:45:43.070515Z,a3,1.809512,3,0.9809007613885663,0.07457292322979481,0.9611911167883986,0.945353588212726,0.9525510007034867
2025-03-29 19:45:56.373,rf.nn.train.agent.a3,68,2025-03-29T18:45:54.180646Z,a3,2.178887,1,0.998193315266486,0.006854636527114727,0.8763417115335222,0.897366221979315,0.8864615032721579
2025-03-29 19:45:58.017,rf.nn.train.agent.a3,68,2025-03-29T18:45:56.373918Z,a3,1.629519,2,0.9998709510904633,0.000911274694766532,0.9999596399886992,0.998805256869773,0.9993792157279897
2025-03-29 19:45:59.700,rf.nn.train.agent.a3,68,2025-03-29T18:45:58.020387Z,a3,1.666768,3,0.9997419021809266,0.0011314887874526128,0.9944040844331438,0.9993932379349045,0.9968266751875908
2025-03-29 19:46:04.752,rf.nn.train.agent.a0,68,2025-03-29T18:46:01.617035Z,a0,3.11032,1,0.9852443897940363,0.04952544274043914,0.4880969013056566,0.49043524376129016,0.4892458043138051
2025-03-29 19:46:07.767,rf.nn.train.agent.a0,68,2025-03-29T18:46:04.752131Z,a0,2.991311,2,0.9883953273901015,0.04054580147361847,0.9839594380348198,0.9832016292338339,0.9835788421641067
2025-03-29 19:46:10.732,rf.nn.train.agent.a0,68,2025-03-29T18:46:07.769331Z,a0,2.940979,3,0.9881647709806333,0.04012929698361942,0.9864867154844422,0.9858917944447022,0.9861877667607016
2025-03-29 19:46:13.721,rf.nn.train.agent.a1,68,2025-03-29T18:46:12.867167Z,a1,0.850079,1,0.9991044776119403,0.002284423857263716,0.8266666666666665,0.9997955010224949,0.8776754759874965
2025-03-29 19:46:14.497,rf.nn.train.agent.a1,68,2025-03-29T18:46:13.724756Z,a1,0.765478,2,1.0,6.647651582408712e-05,1.0,1.0,1.0
2025-03-29 19:46:15.264,rf.nn.train.agent.a1,68,2025-03-29T18:46:14.500167Z,a1,0.758741,3,1.0,4.7835321996645e-05,1.0,1.0,1.0
2025-03-29 19:46:20.527,rf.nn.train.agent.a2,68,2025-03-29T18:46:17.178297Z,a2,3.321963,1,0.9990845715090486,0.003017108187699073,0.5930091503707537,0.599637737213885,0.5962030863403205
2025-03-29 19:46:23.770,rf.nn.train.agent.a2,68,2025-03-29T18:46:20.530521Z,a2,3.211915,2,1.0,0.00020872314322625693,1.0,1.0,1.0
2025-03-29 19:46:27.009,rf.nn.train.agent.a2,68,2025-03-29T18:46:23.773067Z,a2,3.208154,3,0.999929582423773,0.00021017978817203717,0.9999512670565301,0.9999507340624693,0.9999509933553922
2025-03-29 19:46:29.648,rf.nn.train.agent.a4,68,2025-03-29T18:46:29.187104Z,a4,0.454253,1,0.9988137603795967,0.006453479984352356,0.99680706347373,0.9997049471663159,0.9982354119318811
2025-03-29 19:46:30.047,rf.nn.train.agent.a4,68,2025-03-29T18:46:29.648101Z,a4,0.396096,2,1.0,0.0009109678549581111,1.0,1.0,1.0
2025-03-29 19:46:30.447,rf.nn.train.agent.a4,68,2025-03-29T18:46:30.051250Z,a4,0.387636,3,1.0,0.0007033436699511751,1.0,1.0,1.0
2025-03-29 19:46:42.408,rf.nn.train.agent.a0,69,2025-03-29T18:46:39.717233Z,a0,2.667089,1,0.9988472179526591,0.0036962076287301395,0.623791620066789,0.6243758346585788,0.6240828647322848
2025-03-29 19:46:45.201,rf.nn.train.agent.a0,69,2025-03-29T18:46:42.411322Z,a0,2.766552,2,0.9999231478635106,0.0006237664988017345,0.99983844911147,0.9999478623566216,0.9998931196991423
2025-03-29 19:46:48.125,rf.nn.train.agent.a0,69,2025-03-29T18:46:45.205090Z,a0,2.897831,3,0.9998462957270212,0.00040950479776742015,0.9998988110295978,0.9996766370250606,0.999787580414816
2025-03-29 19:46:53.808,rf.nn.train.agent.a2,69,2025-03-29T18:46:50.317347Z,a2,3.462875,1,0.9913386381240757,0.02851944464280576,0.5874604088830152,0.5881144450848934,0.5877022074083684
2025-03-29 19:46:57.198,rf.nn.train.agent.a2,69,2025-03-29T18:46:53.811605Z,a2,3.358257,2,0.9936624181395677,0.022968574729954037,0.9917868066232408,0.9956805891027874,0.9937097176800428
2025-03-29 19:47:00.555,rf.nn.train.agent.a2,69,2025-03-29T18:46:57.201644Z,a2,3.324128,3,0.9878177593127244,0.04662367446176261,0.731033612867823,0.7408170802942367,0.7358199681300941
2025-03-29 19:47:03.688,rf.nn.train.agent.a1,69,2025-03-29T18:47:02.780864Z,a1,0.902361,1,0.9943283582089553,0.02726202324440746,0.4449326530156299,0.5198304326818473,0.4638519196718371
2025-03-29 19:47:04.505,rf.nn.train.agent.a1,69,2025-03-29T18:47:03.691243Z,a1,0.809163,2,0.9988059701492538,0.003196989927549848,0.9955314232247924,0.9955314232247924,0.9955314232247924
2025-03-29 19:47:05.308,rf.nn.train.agent.a1,69,2025-03-29T18:47:04.507972Z,a1,0.794003,3,0.9988059701492538,0.004307602656780048,0.8327529080911183,0.829200775277292,0.8309615376577381
2025-03-29 19:47:09.023,rf.nn.train.agent.a3,69,2025-03-29T18:47:07.069093Z,a3,1.940239,1,0.9904503806942832,0.03449828089310452,0.9313424748752532,0.9772367712710552,0.9515741517052265
2025-03-29 19:47:10.884,rf.nn.train.agent.a3,69,2025-03-29T18:47:09.025781Z,a3,1.844338,2,0.9941927990708479,0.01967241732415923,0.9871110365569664,0.9882902950298718,0.9875574933794985
2025-03-29 19:47:12.731,rf.nn.train.agent.a3,69,2025-03-29T18:47:10.887339Z,a3,1.830031,3,0.9965156794425087,0.01261884516127914,0.9865149705202653,0.9812857102470649,0.9838477352176029
2025-03-29 19:47:15.140,rf.nn.train.agent.a4,69,2025-03-29T18:47:14.675188Z,a4,0.461975,1,0.99644128113879,0.009305482979985789,0.7999051233396585,0.8992796901406173,0.8253061982662802
2025-03-29 19:47:15.567,rf.nn.train.agent.a4,69,2025-03-29T18:47:15.140179Z,a4,0.423249,2,1.0,0.0003774972937087955,1.0,1.0,1.0
2025-03-29 19:47:16.023,rf.nn.train.agent.a4,69,2025-03-29T18:47:15.569467Z,a4,0.450731,3,1.0,0.0003004777798385064,1.0,1.0,1.0
2025-03-29 19:47:27.858,rf.nn.train.agent.a0,70,2025-03-29T18:47:25.116976Z,a0,2.724363,1,0.9827082692898863,0.06010221873433519,0.48546298981537167,0.48766854039863156,0.486538447000588
2025-03-29 19:47:30.661,rf.nn.train.agent.a0,70,2025-03-29T18:47:27.867330Z,a0,2.765693,2,0.9932370119889333,0.021529670201546804,0.9915907925257823,0.9911752622470935,0.991382113259854
2025-03-29 19:47:33.608,rf.nn.train.agent.a0,70,2025-03-29T18:47:30.661656Z,a0,2.915538,3,0.9891638487549954,0.03760477051750867,0.9858839072567862,0.9862354293893627,0.9860572333542104
2025-03-29 19:47:39.266,rf.nn.train.agent.a2,70,2025-03-29T18:47:35.756986Z,a2,3.480044,1,0.9993662418139567,0.002260072316512317,0.7425290547454324,0.7496790403885505,0.7460482844498364
2025-03-29 19:47:42.671,rf.nn.train.agent.a2,70,2025-03-29T18:47:39.266933Z,a2,3.380325,2,0.9997183296950919,0.0008594840646385482,0.9998171789956021,0.9939069174002947,0.9968079257033201
2025-03-29 19:47:46.147,rf.nn.train.agent.a2,70,2025-03-29T18:47:42.677235Z,a2,3.439971,3,0.999788747271319,0.0008452632373144213,0.9998598169079789,0.9998595158303281,0.9998596591981871
2025-03-29 19:47:49.329,rf.nn.train.agent.a1,70,2025-03-29T18:47:48.438027Z,a1,0.88597,1,0.9970149253731343,0.00820418109103901,0.6607283766408363,0.7074543006470518,0.6793283026724447
2025-03-29 19:47:50.137,rf.nn.train.agent.a1,70,2025-03-29T18:47:49.329067Z,a1,0.79832,2,0.9997014925373134,0.0005357019938558882,0.9999318568994889,0.9962264150943396,0.9980611607396408
2025-03-29 19:47:50.940,rf.nn.train.agent.a1,70,2025-03-29T18:47:50.137298Z,a1,0.799978,3,1.0,0.00016782082514731926,1.0,1.0,1.0
2025-03-29 19:47:54.830,rf.nn.train.agent.a3,70,2025-03-29T18:47:52.897069Z,a3,1.923508,1,0.9979352174474125,0.006860456341028748,0.8752820505015052,0.897887751443443,0.8859442298856022
2025-03-29 19:47:56.677,rf.nn.train.agent.a3,70,2025-03-29T18:47:54.836997Z,a3,1.824948,2,0.9994838043618531,0.001964050275189824,0.9991582581943033,0.9993124885808994,0.9992352844486495
2025-03-29 19:47:58.518,rf.nn.train.agent.a3,70,2025-03-29T18:47:56.682466Z,a3,1.828382,3,1.0,0.0003735963452724789,1.0,1.0,1.0
2025-03-29 19:48:00.983,rf.nn.train.agent.a4,70,2025-03-29T18:48:00.495208Z,a4,0.48673,1,0.9833926453143536,0.06092055864744152,0.6713583003732347,0.8610474330673007,0.6973088637489422
2025-03-29 19:48:01.407,rf.nn.train.agent.a4,70,2025-03-29T18:48:00.987244Z,a4,0.409863,2,0.9905100830367735,0.028376105997928256,0.9701344245814821,0.9946582768878574,0.9803900680064191
2025-03-29 19:48:01.817,rf.nn.train.agent.a4,70,2025-03-29T18:48:01.410171Z,a4,0.407081,3,0.99644128113879,0.011430744600319193,0.8798566947066158,0.8881936639111032,0.8838541396874731
2025-03-29 19:48:13.557,rf.nn.train.agent.a0,71,2025-03-29T18:48:10.967055Z,a0,2.570095,1,0.9986935136796803,0.0038536665215120475,0.7120255326891731,0.7132653312350686,0.7126419964003153
2025-03-29 19:48:16.324,rf.nn.train.agent.a0,71,2025-03-29T18:48:13.566469Z,a0,2.733865,2,0.9993851829080849,0.0018477459373593941,0.9993645068989171,0.99865856509056,0.9990101848971225
2025-03-29 19:48:19.228,rf.nn.train.agent.a0,71,2025-03-29T18:48:16.328941Z,a0,2.867993,3,0.9998462957270212,0.0006858890947589768,0.9997876984163522,0.9997876984163522,0.9997876984163522
2025-03-29 19:48:21.857,rf.nn.train.agent.a4,71,2025-03-29T18:48:21.386934Z,a4,0.466141,1,0.9762752075919335,0.0881521865409219,0.5274777640941435,0.7565602535801211,0.5697284244028928
2025-03-29 19:48:22.269,rf.nn.train.agent.a4,71,2025-03-29T18:48:21.857107Z,a4,0.41209,2,0.9988137603795967,0.004258258612403637,0.9997049471663159,0.9997049471663159,0.9997049471663159
2025-03-29 19:48:22.701,rf.nn.train.agent.a4,71,2025-03-29T18:48:22.277149Z,a4,0.422063,3,1.0,0.0011383947542200539,1.0,1.0,1.0
2025-03-29 19:48:27.608,rf.nn.train.agent.a2,71,2025-03-29T18:48:24.354944Z,a2,3.228408,1,0.994577846630519,0.01721261505803226,0.7444135124548051,0.7472514543743554,0.745814186255656
2025-03-29 19:48:30.619,rf.nn.train.agent.a2,71,2025-03-29T18:48:27.612310Z,a2,2.980065,2,0.9880290120414056,0.04103923192556943,0.7409709789481976,0.7408763759270188,0.7409234205149363
2025-03-29 19:48:33.669,rf.nn.train.agent.a2,71,2025-03-29T18:48:30.621507Z,a2,3.021408,3,0.9930286599535244,0.02673707311234685,0.9874102774699861,0.9912691368101387,0.9893161145515093
2025-03-29 19:48:36.491,rf.nn.train.agent.a1,71,2025-03-29T18:48:35.675183Z,a1,0.809809,1,0.9994029850746269,0.0044150213212511905,0.8666666666666666,0.9998636673483299,0.8999318104330036
2025-03-29 19:48:37.209,rf.nn.train.agent.a1,71,2025-03-29T18:48:36.493345Z,a1,0.709846,2,1.0,6.589659004019733e-05,1.0,1.0,1.0
2025-03-29 19:48:37.925,rf.nn.train.agent.a1,71,2025-03-29T18:48:37.211447Z,a1,0.707636,3,1.0,3.276091333605434e-05,1.0,1.0,1.0
2025-03-29 19:48:41.179,rf.nn.train.agent.a3,71,2025-03-29T18:48:39.491428Z,a3,1.675598,1,0.9921280165182604,0.03161226858438823,0.8396879411733931,0.8752278464464591,0.8549011589563195
2025-03-29 19:48:42.819,rf.nn.train.agent.a3,71,2025-03-29T18:48:41.183112Z,a3,1.622391,2,0.9859336688604982,0.056033551161801365,0.9629004550723231,0.9601175990363989,0.961388194538269
2025-03-29 19:48:44.445,rf.nn.train.agent.a3,71,2025-03-29T18:48:42.821266Z,a3,1.611794,3,0.9865789134081817,0.04292838498027298,0.9596670814042181,0.9668210685751715,0.9624921786117187
2025-03-29 19:48:55.187,rf.nn.train.agent.a3,72,2025-03-29T18:48:53.561327Z,a3,1.611972,1,0.9978061685378758,0.00622084634199629,0.8879268483903443,0.8978846682862901,0.8927594696565855
2025-03-29 19:48:56.789,rf.nn.train.agent.a3,72,2025-03-29T18:48:55.189139Z,a3,1.587908,2,0.9997419021809266,0.0010982226561417913,0.999919309287501,0.9993932379349045,0.9996555016967028
2025-03-29 19:48:58.417,rf.nn.train.agent.a3,72,2025-03-29T18:48:56.791093Z,a3,1.614256,3,0.9984514130855594,0.0053586613998662285,0.9918800570302508,0.9953005363330831,0.9935085019260224
2025-03-29 19:49:00.637,rf.nn.train.agent.a4,72,2025-03-29T18:49:00.212169Z,a4,0.424884,1,0.9994068801897983,0.0026333798903853574,0.9969969969969968,0.9998948806895827,0.9984253454551479
2025-03-29 19:49:01.019,rf.nn.train.agent.a4,72,2025-03-29T18:49:00.637053Z,a4,0.382029,2,1.0,0.00035186480495470295,1.0,1.0,1.0
2025-03-29 19:49:01.403,rf.nn.train.agent.a4,72,2025-03-29T18:49:01.026205Z,a4,0.375554,3,1.0,0.0004475759085595063,1.0,1.0,1.0
2025-03-29 19:49:06.043,rf.nn.train.agent.a2,72,2025-03-29T18:49:02.925670Z,a2,3.091302,1,0.9990141539328217,0.0030930233620406447,0.6663156504676954,0.666217696111389,0.6662666660856917
2025-03-29 19:49:09.142,rf.nn.train.agent.a2,72,2025-03-29T18:49:06.047127Z,a2,3.069874,2,1.0,0.00022391523446901323,1.0,1.0,1.0
2025-03-29 19:49:12.266,rf.nn.train.agent.a2,72,2025-03-29T18:49:09.147035Z,a2,3.090225,3,1.0,5.089140149540785e-05,1.0,1.0,1.0
2025-03-29 19:49:17.271,rf.nn.train.agent.a0,72,2025-03-29T18:49:14.347080Z,a0,2.90082,1,0.9807869658776514,0.07379347290547279,0.5433588040844447,0.5434078605029101,0.5433820432438918
2025-03-29 19:49:20.130,rf.nn.train.agent.a0,72,2025-03-29T18:49:17.277234Z,a0,2.831853,2,0.9872425453427606,0.04319299741396867,0.8172655594779,0.8187734153436104,0.8180148780754818
2025-03-29 19:49:22.988,rf.nn.train.agent.a0,72,2025-03-29T18:49:20.130820Z,a0,2.836243,3,0.9903934829388257,0.03386349414078484,0.9832529503529681,0.9818365328177464,0.9825425753963339
2025-03-29 19:49:25.809,rf.nn.train.agent.a1,72,2025-03-29T18:49:25.001872Z,a1,0.800653,1,0.9952238805970149,0.017609977287238805,0.6097557273793812,0.7087578306104012,0.6353975281869021
2025-03-29 19:49:26.548,rf.nn.train.agent.a1,72,2025-03-29T18:49:25.811998Z,a1,0.736821,2,0.9970149253731343,0.011039190887041713,0.993230241938926,0.9968658722814393,0.9950307442821525
2025-03-29 19:49:27.297,rf.nn.train.agent.a1,72,2025-03-29T18:49:26.556218Z,a1,0.739082,3,0.997910447761194,0.008438001385390847,0.7980561184057551,0.7949045976810802,0.7964619964665877
2025-03-29 19:49:39.187,rf.nn.train.agent.a2,73,2025-03-29T18:49:36.213216Z,a2,2.943748,1,0.9903527920568974,0.031145338319479042,0.5892067177950114,0.5876777250176131,0.588395706970464
2025-03-29 19:49:42.166,rf.nn.train.agent.a2,73,2025-03-29T18:49:39.187273Z,a2,2.949972,2,0.9872544187029082,0.049296936601080886,0.8268897717635845,0.8377872310010968,0.8322214315842847
2025-03-29 19:49:45.280,rf.nn.train.agent.a2,73,2025-03-29T18:49:42.167392Z,a2,3.084211,3,0.9947186817829731,0.020185770784471025,0.9924982784889546,0.9905684978719625,0.9914546230364024
2025-03-29 19:49:49.305,rf.nn.train.agent.a3,73,2025-03-29T18:49:47.442636Z,a3,1.846162,1,0.9969028261711188,0.01098076426108792,0.875318919134123,0.8972758525556429,0.8857296800272106
2025-03-29 19:49:51.079,rf.nn.train.agent.a3,73,2025-03-29T18:49:49.307248Z,a3,1.763824,2,0.9944508968899213,0.01714769221966787,0.9907719075689001,0.9922115111348904,0.9914885104477956
2025-03-29 19:49:52.854,rf.nn.train.agent.a3,73,2025-03-29T18:49:51.087275Z,a3,1.752669,3,0.9940637501613111,0.019501037847253558,0.9925843162294209,0.992448514036847,0.9925105811715252
2025-03-29 19:49:55.603,rf.nn.train.agent.a1,73,2025-03-29T18:49:54.768277Z,a1,0.828869,1,0.9922388059701492,0.02796537368473028,0.6343721145556344,0.8182787687773846,0.6924344823458415
2025-03-29 19:49:56.381,rf.nn.train.agent.a1,73,2025-03-29T18:49:55.606955Z,a1,0.770041,2,0.9994029850746269,0.0038319589272879013,0.9961582719938284,0.9956677558764625,0.995912617459022
2025-03-29 19:49:57.145,rf.nn.train.agent.a1,73,2025-03-29T18:49:56.381521Z,a1,0.755763,3,0.9982089552238806,0.007788462972472733,0.9981288343558283,0.9916896719932972,0.9948351410482074
2025-03-29 19:50:01.936,rf.nn.train.agent.a0,73,2025-03-29T18:49:58.873716Z,a0,3.043586,1,0.9982324008607439,0.006226254912006393,0.5527190595308676,0.5537451658976767,0.5532291817716014
2025-03-29 19:50:04.932,rf.nn.train.agent.a0,73,2025-03-29T18:50:01.941899Z,a0,2.965417,2,0.999615739317553,0.0009848256615874044,0.9985967791584601,0.9995210251628823,0.9990576993921969
2025-03-29 19:50:07.859,rf.nn.train.agent.a0,73,2025-03-29T18:50:04.934801Z,a0,2.902115,3,0.9999231478635106,0.0003468759005374893,0.9999471598414795,0.9999493799038218,0.9999482631786887
2025-03-29 19:50:10.541,rf.nn.train.agent.a4,73,2025-03-29T18:50:10.067259Z,a4,0.471783,1,0.9976275207591934,0.014310667859631995,0.9410596026490067,0.9936169218729926,0.9580578886613771
2025-03-29 19:50:10.944,rf.nn.train.agent.a4,73,2025-03-29T18:50:10.541833Z,a4,0.398876,2,0.998220640569395,0.005244264720658975,0.9966185274132293,0.9966185274132293,0.9966185274132293
2025-03-29 19:50:11.338,rf.nn.train.agent.a4,73,2025-03-29T18:50:10.944217Z,a4,0.39276,3,0.9958481613285883,0.011761168187466916,0.990636205143763,0.9958587933201619,0.9931699133361881
2025-03-29 19:50:21.837,rf.nn.train.agent.a3,74,2025-03-29T18:50:20.207129Z,a3,1.615947,1,0.9985804619950961,0.005760168256304926,0.9772276222810837,0.9894535885088211,0.9830648253613352
2025-03-29 19:50:23.374,rf.nn.train.agent.a3,74,2025-03-29T18:50:21.837370Z,a3,1.520715,2,0.9996128532713898,0.0013136665389329426,0.999891214528772,0.9999035086002139,0.9998973561289284
2025-03-29 19:50:25.016,rf.nn.train.agent.a3,74,2025-03-29T18:50:23.377161Z,a3,1.630017,3,0.9987095109046329,0.004803260660190113,0.9977863051153055,0.9979651373281031,0.997875625206217
2025-03-29 19:50:27.668,rf.nn.train.agent.a1,74,2025-03-29T18:50:26.860927Z,a1,0.799223,1,0.9997014925373134,0.0026823088142732235,0.9,0.9999318336741648,0.9332992443611159
2025-03-29 19:50:28.444,rf.nn.train.agent.a1,74,2025-03-29T18:50:27.668300Z,a1,0.768927,2,1.0,0.0003218264872956633,1.0,1.0,1.0
2025-03-29 19:50:29.213,rf.nn.train.agent.a1,74,2025-03-29T18:50:28.444424Z,a1,0.762867,3,0.9994029850746269,0.0013671891790411601,0.9993731744562879,0.9993731744562879,0.9993731744562879
2025-03-29 19:50:34.077,rf.nn.train.agent.a0,74,2025-03-29T18:50:30.967375Z,a0,3.089739,1,0.9947740547187212,0.015464364197386376,0.5521869528301575,0.5522955058104588,0.5522403826390497
2025-03-29 19:50:37.126,rf.nn.train.agent.a0,74,2025-03-29T18:50:34.085046Z,a0,3.016479,2,0.9813249308330771,0.06638198582299824,0.8153300348961251,0.8160989239457938,0.815708257236119
2025-03-29 19:50:40.137,rf.nn.train.agent.a0,74,2025-03-29T18:50:37.129018Z,a0,2.988132,3,0.9873962496157394,0.0432309623628525,0.9823255926307896,0.9843461084007163,0.9833307013871332
2025-03-29 19:50:45.702,rf.nn.train.agent.a2,74,2025-03-29T18:50:42.322041Z,a2,3.346672,1,0.9990845715090486,0.0026156083925944875,0.7347110827728967,0.7495267988320959,0.7417934208707927
2025-03-29 19:50:49.006,rf.nn.train.agent.a2,74,2025-03-29T18:50:45.702249Z,a2,3.278116,2,0.999929582423773,0.0003128696264938527,0.9999576235274176,0.9999507340624693,0.9999541724597156
2025-03-29 19:50:52.284,rf.nn.train.agent.a2,74,2025-03-29T18:50:49.006994Z,a2,3.241476,3,1.0,0.0001963116311449582,1.0,1.0,1.0
2025-03-29 19:50:55.057,rf.nn.train.agent.a4,74,2025-03-29T18:50:54.592438Z,a4,0.4647,1,0.9905100830367735,0.03105738825705078,0.7193632754958056,0.8981046179721677,0.7581179302686787
2025-03-29 19:50:55.467,rf.nn.train.agent.a4,74,2025-03-29T18:50:55.062633Z,a4,0.401381,2,0.9988137603795967,0.0038815644655118857,0.9997049471663159,0.9997049471663159,0.9997049471663159
2025-03-29 19:50:55.857,rf.nn.train.agent.a4,74,2025-03-29T18:50:55.467115Z,a4,0.389958,3,1.0,0.00041379011710183857,1.0,1.0,1.0
2025-03-29 19:51:05.981,rf.nn.train.agent.a1,75,2025-03-29T18:51:05.026996Z,a1,0.949226,1,0.9970149253731343,0.011219942521927349,0.610643756160273,0.7101010282040701,0.6468800138828611
2025-03-29 19:51:06.747,rf.nn.train.agent.a1,75,2025-03-29T18:51:05.984274Z,a1,0.755039,2,1.0,0.0001835074244458686,1.0,1.0,1.0
2025-03-29 19:51:07.414,rf.nn.train.agent.a1,75,2025-03-29T18:51:06.747428Z,a1,0.659921,3,0.9997014925373134,0.0006165501439668695,0.9999318568994889,0.9962264150943396,0.9980611607396408
2025-03-29 19:51:09.461,rf.nn.train.agent.a4,75,2025-03-29T18:51:09.047317Z,a4,0.414549,1,0.9988137603795967,0.0034813138193402543,0.9442548350398181,0.9997897613791653,0.9627628584449677
2025-03-29 19:51:09.866,rf.nn.train.agent.a4,75,2025-03-29T18:51:09.466874Z,a4,0.396699,2,1.0,0.0007584064825216115,1.0,1.0,1.0
2025-03-29 19:51:10.273,rf.nn.train.agent.a4,75,2025-03-29T18:51:09.868685Z,a4,0.401422,3,1.0,0.0003357851726249001,1.0,1.0,1.0
2025-03-29 19:51:13.883,rf.nn.train.agent.a3,75,2025-03-29T18:51:11.972528Z,a3,1.894642,1,0.9970318750806556,0.01183713484002707,0.9868880524486681,0.9922630477542038,0.9895404009064896
2025-03-29 19:51:15.722,rf.nn.train.agent.a3,75,2025-03-29T18:51:13.883087Z,a3,1.829335,2,0.9988385598141696,0.003171689269040781,0.9973842536082758,0.9986092351160182,0.9979938526827987
2025-03-29 19:51:17.562,rf.nn.train.agent.a3,75,2025-03-29T18:51:15.727389Z,a3,1.821444,3,0.982836495031617,0.06458652946772593,0.9610438134454257,0.9800794243532008,0.9702317119578416
2025-03-29 19:51:22.961,rf.nn.train.agent.a2,75,2025-03-29T18:51:19.527402Z,a2,3.404225,1,0.9938032532920217,0.022613718894403702,0.8453375246398765,0.8484924048845174,0.8468943707096044
2025-03-29 19:51:26.340,rf.nn.train.agent.a2,75,2025-03-29T18:51:22.963304Z,a2,3.352159,2,0.9869023308217731,0.0477746679868927,0.7332816916593887,0.7403299837091191,0.736750283913633
2025-03-29 19:51:29.702,rf.nn.train.agent.a2,75,2025-03-29T18:51:26.340797Z,a2,3.337374,3,0.9911273853953947,0.03248082377348443,0.8452716954756736,0.8485290021258443,0.8468798246130499
2025-03-29 19:51:35.070,rf.nn.train.agent.a0,75,2025-03-29T18:51:31.950501Z,a0,3.096883,1,0.9989240700891485,0.003962118618931078,0.7118788458614801,0.7135334855419284,0.7126984946113604
2025-03-29 19:51:38.099,rf.nn.train.agent.a0,75,2025-03-29T18:51:35.070719Z,a0,3.008421,2,0.9999231478635106,0.000485340343989231,0.99983844911147,0.9999478623566216,0.9998931196991423
2025-03-29 19:51:41.097,rf.nn.train.agent.a0,75,2025-03-29T18:51:38.108066Z,a0,2.962305,3,0.9996925914540424,0.0007722972075787163,0.9995734123313227,0.9996864582239958,0.9996298863649666
2025-03-29 19:51:53.591,rf.nn.train.agent.a0,76,2025-03-29T18:51:50.823553Z,a0,2.743691,1,0.9906240393482939,0.032493620194223694,0.6131112273471682,0.6163298124532016,0.6146947992543824
2025-03-29 19:51:56.456,rf.nn.train.agent.a0,76,2025-03-29T18:51:53.591371Z,a0,2.839074,2,0.987934214571165,0.04556455712419034,0.703077276147422,0.7051029018429672,0.7040823998677667
2025-03-29 19:51:59.450,rf.nn.train.agent.a0,76,2025-03-29T18:51:56.460161Z,a0,2.967382,3,0.9887795880725484,0.04255311750077109,0.820127170085676,0.8196952564882481,0.8199095056512303
2025-03-29 19:52:02.096,rf.nn.train.agent.a4,76,2025-03-29T18:52:01.623885Z,a4,0.471509,1,0.998220640569395,0.005821325523528394,0.9229229229229229,0.9995998278558985,0.9427221075747654
2025-03-29 19:52:02.512,rf.nn.train.agent.a4,76,2025-03-29T18:52:02.100214Z,a4,0.412215,2,1.0,0.001280079141306144,1.0,1.0,1.0
2025-03-29 19:52:02.926,rf.nn.train.agent.a4,76,2025-03-29T18:52:02.517075Z,a4,0.407892,3,1.0,0.0004959350721174764,1.0,1.0,1.0
2025-03-29 19:52:05.543,rf.nn.train.agent.a1,76,2025-03-29T18:52:04.635679Z,a1,0.904342,1,0.9952238805970149,0.021234782551727536,0.6922461373025607,0.8219346703091978,0.7073494430308876
2025-03-29 19:52:06.338,rf.nn.train.agent.a1,76,2025-03-29T18:52:05.547099Z,a1,0.789908,2,0.9991044776119403,0.0013813762644793266,0.9925244030255964,0.9960900824426695,0.9942902564478334
2025-03-29 19:52:07.139,rf.nn.train.agent.a1,76,2025-03-29T18:52:06.338751Z,a1,0.80033,3,0.9994029850746269,0.0028727548325327692,0.9961582487685046,0.9961582487685046,0.9961582487685046
2025-03-29 19:52:10.868,rf.nn.train.agent.a3,76,2025-03-29T18:52:08.946919Z,a3,1.912049,1,0.9989676087237063,0.0032831556911131765,0.9846774987297864,0.9995963433807682,0.9919119339883061
2025-03-29 19:52:12.713,rf.nn.train.agent.a3,76,2025-03-29T18:52:10.868099Z,a3,1.832604,2,0.9996128532713898,0.002220178633784513,0.9943760114060503,0.9988092325059379,0.9965185483201606
2025-03-29 19:52:14.559,rf.nn.train.agent.a3,76,2025-03-29T18:52:12.717212Z,a3,1.831444,3,0.998193315266486,0.007639512022619517,0.9954280140733371,0.9975476021949401,0.9964767923790122
2025-03-29 19:52:20.032,rf.nn.train.agent.a2,76,2025-03-29T18:52:16.552422Z,a2,3.453222,1,0.999788747271319,0.0008942317457661291,0.8536222046568671,0.8535801631198285,0.8536011807947836
2025-03-29 19:52:23.407,rf.nn.train.agent.a2,76,2025-03-29T18:52:20.035399Z,a2,3.348208,2,1.0,0.0001269431476908215,1.0,1.0,1.0
2025-03-29 19:52:26.794,rf.nn.train.agent.a2,76,2025-03-29T18:52:23.415559Z,a2,3.351582,3,1.0,8.121399284682568e-05,1.0,1.0,1.0
2025-03-29 19:52:36.895,rf.nn.train.agent.a1,77,2025-03-29T18:52:35.942303Z,a1,0.949146,1,0.9895522388059701,0.039053250788197685,0.46071439939246056,0.460272452261118,0.46049316307254645
2025-03-29 19:52:37.566,rf.nn.train.agent.a1,77,2025-03-29T18:52:36.897461Z,a1,0.6646,2,0.9952238805970149,0.026474540296109288,0.8268727973432854,0.8233875428189119,0.8251151585961605
2025-03-29 19:52:38.217,rf.nn.train.agent.a1,77,2025-03-29T18:52:37.570005Z,a1,0.647235,3,0.9940298507462687,0.022557621219206816,0.9904444821878415,0.9868114002952701,0.9886103115684735
2025-03-29 19:52:43.127,rf.nn.train.agent.a0,77,2025-03-29T18:52:40.009342Z,a0,3.093112,1,0.9995388871810637,0.0022236763362253817,0.6243572100758006,0.6248059329718041,0.6245807989704295
2025-03-29 19:52:46.390,rf.nn.train.agent.a0,77,2025-03-29T18:52:43.127317Z,a0,3.239962,2,1.0,0.00036392179203688905,1.0,1.0,1.0
2025-03-29 19:52:49.742,rf.nn.train.agent.a0,77,2025-03-29T18:52:46.393496Z,a0,3.327471,3,1.0,0.00021830593741135288,1.0,1.0,1.0
2025-03-29 19:52:54.505,rf.nn.train.agent.a3,77,2025-03-29T18:52:52.336145Z,a3,2.152979,1,0.9980642663569493,0.007368548160705026,0.8629969245028647,0.8835859114875333,0.872406589567024
2025-03-29 19:52:56.143,rf.nn.train.agent.a3,77,2025-03-29T18:52:54.508959Z,a3,1.620465,2,1.0,0.0002850515194595648,1.0,1.0,1.0
2025-03-29 19:52:57.745,rf.nn.train.agent.a3,77,2025-03-29T18:52:56.144973Z,a3,1.588304,3,0.9997419021809266,0.0008031867756635833,0.9999315669616057,0.9999315669616057,0.9999315669616057
2025-03-29 19:53:03.152,rf.nn.train.agent.a2,77,2025-03-29T18:52:59.670278Z,a2,3.454739,1,0.9966199563411028,0.01299536628289926,0.6562218852777849,0.6612052785807886,0.6586518623812717
2025-03-29 19:53:06.675,rf.nn.train.agent.a2,77,2025-03-29T18:53:03.155865Z,a2,3.487521,2,0.9879585944651785,0.048219031919524064,0.9702627324573977,0.9739230370291369,0.9720705761760616
2025-03-29 19:53:10.200,rf.nn.train.agent.a2,77,2025-03-29T18:53:06.677097Z,a2,3.496092,3,0.9893669459897191,0.044095116856476116,0.9774043086400995,0.9828792194664118,0.9800928914478395
2025-03-29 19:53:13.195,rf.nn.train.agent.a4,77,2025-03-29T18:53:12.593304Z,a4,0.598301,1,0.9970344009489917,0.006862675259775265,0.8082386363636364,0.8992979647284283,0.8353152380755408
2025-03-29 19:53:13.689,rf.nn.train.agent.a4,77,2025-03-29T18:53:13.197117Z,a4,0.487855,2,0.9994068801897983,0.0008166603224279517,0.9722222222222222,0.9998948806895827,0.9840743995973528
2025-03-29 19:53:14.161,rf.nn.train.agent.a4,77,2025-03-29T18:53:13.691136Z,a4,0.466592,3,1.0,0.00027480254237093076,1.0,1.0,1.0
2025-03-29 19:53:26.484,rf.nn.train.agent.a0,78,2025-03-29T18:53:23.158498Z,a0,3.298671,1,0.9867045803873348,0.043396893635603964,0.4908545365546525,0.49136417410814986,0.4911068387673265
2025-03-29 19:53:29.511,rf.nn.train.agent.a0,78,2025-03-29T18:53:26.487180Z,a0,3.000432,2,0.9906240393482939,0.03280646125430834,0.9866743936545168,0.9848729633170941,0.9857688298292689
2025-03-29 19:53:32.627,rf.nn.train.agent.a0,78,2025-03-29T18:53:29.517076Z,a0,3.089906,3,0.9905471872118045,0.03236196323513227,0.8219049797280865,0.8216888371150323,0.8217967496065364
2025-03-29 19:53:37.247,rf.nn.train.agent.a3,78,2025-03-29T18:53:34.992485Z,a3,2.234654,1,0.9910956252419667,0.03001664638938111,0.8563064655409057,0.8923061969389874,0.8725936580881726
2025-03-29 19:53:39.326,rf.nn.train.agent.a3,78,2025-03-29T18:53:37.247029Z,a3,2.065736,2,0.9709639953542393,0.13220564280564898,0.920140657016578,0.9258504130559582,0.922913666988117
2025-03-29 19:53:41.279,rf.nn.train.agent.a3,78,2025-03-29T18:53:39.326968Z,a3,1.939966,3,0.9868370112272551,0.04871807363791652,0.9747144934583581,0.9737025872365846,0.9740348056497814
2025-03-29 19:53:44.177,rf.nn.train.agent.a4,78,2025-03-29T18:53:43.637343Z,a4,0.539721,1,0.9822064056939501,0.05376576661749497,0.7240614460584214,0.8630833919575641,0.7511907034421921
2025-03-29 19:53:44.681,rf.nn.train.agent.a4,78,2025-03-29T18:53:44.177064Z,a4,0.504094,2,0.9922894424673784,0.02441123563028428,0.9980414210363016,0.9981245636874776,0.9980828874986994
2025-03-29 19:53:45.159,rf.nn.train.agent.a4,78,2025-03-29T18:53:44.687115Z,a4,0.470146,3,0.9940688018979834,0.016762958897348686,0.9928976211861996,0.9956282496017594,0.9942428574075741
2025-03-29 19:53:48.237,rf.nn.train.agent.a1,78,2025-03-29T18:53:47.132291Z,a1,1.097001,1,0.9904477611940299,0.03944330965967769,0.4559302431071365,0.5853450397519542,0.47937614241405224
2025-03-29 19:53:49.197,rf.nn.train.agent.a1,78,2025-03-29T18:53:48.241270Z,a1,0.950548,2,0.9982089552238806,0.005124347466633577,0.9953921377774979,0.9944141047890384,0.9949015376135346
2025-03-29 19:53:49.987,rf.nn.train.agent.a1,78,2025-03-29T18:53:49.199376Z,a1,0.78417,3,0.9985074626865672,0.0070837956529470735,0.9953907576344359,0.9917578383191321,0.9935566682898511
2025-03-29 19:53:55.191,rf.nn.train.agent.a2,78,2025-03-29T18:53:51.715643Z,a2,3.448357,1,0.9991549890852757,0.0030581536766768887,0.663765276864401,0.6636017600795374,0.6636834967658857
2025-03-29 19:53:58.766,rf.nn.train.agent.a2,78,2025-03-29T18:53:55.194419Z,a2,3.553233,2,0.999929582423773,0.00033793506976432884,0.9999512670565301,0.9999507340624693,0.9999509933553922
2025-03-29 19:54:02.352,rf.nn.train.agent.a2,78,2025-03-29T18:53:58.777238Z,a2,3.546945,3,1.0,9.024927332086515e-05,1.0,1.0,1.0
2025-03-29 19:54:13.114,rf.nn.train.agent.a1,79,2025-03-29T18:54:11.879637Z,a1,1.227632,1,1.0,0.0007122284210427529,1.0,1.0,1.0
2025-03-29 19:54:14.144,rf.nn.train.agent.a1,79,2025-03-29T18:54:13.117065Z,a1,1.021688,2,1.0,0.00024748988199216153,1.0,1.0,1.0
2025-03-29 19:54:14.937,rf.nn.train.agent.a1,79,2025-03-29T18:54:14.146672Z,a1,0.785865,3,1.0,0.0001285262580062235,1.0,1.0,1.0
2025-03-29 19:54:20.047,rf.nn.train.agent.a0,79,2025-03-29T18:54:16.670258Z,a0,3.352834,1,0.9972333230863818,0.009745577470868412,0.49790734123817587,0.4977535115515483,0.49783033295387613
2025-03-29 19:54:23.377,rf.nn.train.agent.a0,79,2025-03-29T18:54:20.047192Z,a0,3.300819,2,0.9993083307715954,0.0025022795493672596,0.9984976842134075,0.998491614482246,0.9984946031994146
2025-03-29 19:54:26.577,rf.nn.train.agent.a0,79,2025-03-29T18:54:23.377764Z,a0,3.180187,3,0.9998462957270212,0.0003778349512216202,0.9998988110295978,0.9989667537205158,0.9994315616674301
2025-03-29 19:54:32.899,rf.nn.train.agent.a2,79,2025-03-29T18:54:28.927245Z,a2,3.94426,1,0.9977466375607351,0.008309613789227514,0.7415745531713798,0.7444356818866752,0.7429871704572902
2025-03-29 19:54:35.927,rf.nn.train.agent.a2,79,2025-03-29T18:54:32.899259Z,a2,3.001686,2,0.991901978733892,0.027430957976253306,0.8440824465096585,0.8473687897161983,0.8457046731074437
2025-03-29 19:54:39.329,rf.nn.train.agent.a2,79,2025-03-29T18:54:35.929398Z,a2,3.377598,3,0.9878177593127244,0.05226721620276189,0.8501530742215598,0.8296673056466018,0.8395226851043468
2025-03-29 19:54:44.442,rf.nn.train.agent.a3,79,2025-03-29T18:54:42.033417Z,a3,2.393765,1,0.9978061685378758,0.006905828122698238,0.87412955233325,0.8989975334742777,0.8859735161152399
2025-03-29 19:54:46.257,rf.nn.train.agent.a3,79,2025-03-29T18:54:44.445457Z,a3,1.800734,2,1.0,0.0002491386833151376,1.0,1.0,1.0
2025-03-29 19:54:47.847,rf.nn.train.agent.a3,79,2025-03-29T18:54:46.257370Z,a3,1.571615,3,0.9998709510904633,0.0006279727755048889,0.9999596399886992,0.9999719416386083,0.9999657853763095
2025-03-29 19:54:50.248,rf.nn.train.agent.a4,79,2025-03-29T18:54:49.803715Z,a4,0.44525,1,0.9899169632265717,0.03135508208528473,0.7701787994891443,0.9977040864458083,0.8152495157638024
2025-03-29 19:54:50.673,rf.nn.train.agent.a4,79,2025-03-29T18:54:50.256924Z,a4,0.414209,2,0.9994068801897983,0.003513450432742588,0.9998949800462087,0.9998100664767331,0.9998524171964525
2025-03-29 19:54:51.083,rf.nn.train.agent.a4,79,2025-03-29T18:54:50.676128Z,a4,0.401215,3,0.9988137603795967,0.0019051137909850953,0.9968073875923705,0.9628578436525456,0.9761082375701494
2025-03-29 19:55:00.133,rf.nn.train.agent.a4,80,2025-03-29T18:54:59.631219Z,a4,0.499044,1,0.9988137603795967,0.002854738943910288,0.9414414414414414,0.9997049471663159,0.9612932604188712
2025-03-29 19:55:00.583,rf.nn.train.agent.a4,80,2025-03-29T18:55:00.135180Z,a4,0.445485,2,1.0,0.0005537308445367808,1.0,1.0,1.0
2025-03-29 19:55:01.033,rf.nn.train.agent.a4,80,2025-03-29T18:55:00.587170Z,a4,0.443343,3,1.0,0.0002725636981919689,1.0,1.0,1.0
2025-03-29 19:55:06.828,rf.nn.train.agent.a0,80,2025-03-29T18:55:03.303566Z,a0,3.500094,1,0.9932370119889333,0.024762759677966855,0.550604956141926,0.5520524847982675,0.5513226822334902
2025-03-29 19:55:09.879,rf.nn.train.agent.a0,80,2025-03-29T18:55:06.831216Z,a0,3.024492,2,0.9845527205656317,0.06174316404046475,0.9731917040219995,0.9748365280590121,0.9740088201807264
2025-03-29 19:55:13.132,rf.nn.train.agent.a0,80,2025-03-29T18:55:09.882949Z,a0,3.225997,3,0.9881647709806333,0.03874263281340973,0.9824779092741203,0.9870354696614394,0.9847278928638807
2025-03-29 19:55:16.673,rf.nn.train.agent.a1,80,2025-03-29T18:55:15.554066Z,a1,1.114011,1,0.9958208955223881,0.01421992455330713,0.4644564261240698,0.5516043268879299,0.4783952097102946
2025-03-29 19:55:17.697,rf.nn.train.agent.a1,80,2025-03-29T18:55:16.675598Z,a1,1.015519,2,0.9988059701492538,0.0032366476308089615,0.9987463489125756,0.9987463489125756,0.9987463489125756
2025-03-29 19:55:18.538,rf.nn.train.agent.a1,80,2025-03-29T18:55:17.699146Z,a1,0.833575,3,0.9985074626865672,0.0028917821277954794,0.9986782522627126,0.9949727640069153,0.9968075328814979
2025-03-29 19:55:22.259,rf.nn.train.agent.a3,80,2025-03-29T18:55:20.325584Z,a3,1.92184,1,0.9985804619950961,0.003843363259241867,0.978527507763101,0.99894920663867,0.9883209731607645
2025-03-29 19:55:24.193,rf.nn.train.agent.a3,80,2025-03-29T18:55:22.262934Z,a3,1.918281,2,0.9994838043618531,0.0014666407276162485,0.9998631339232114,0.9998631339232114,0.9998631339232114
2025-03-29 19:55:26.127,rf.nn.train.agent.a3,80,2025-03-29T18:55:24.195537Z,a3,1.918538,3,0.9934185056136275,0.02165107957920996,0.986438696437626,0.9961709008348135,0.9912121415823086
2025-03-29 19:55:32.242,rf.nn.train.agent.a2,80,2025-03-29T18:55:28.271675Z,a2,3.942565,1,0.9989437363565946,0.003941997090010791,0.7411610109767488,0.7494734357192994,0.7451667980728204
2025-03-29 19:55:35.863,rf.nn.train.agent.a2,80,2025-03-29T18:55:32.245113Z,a2,3.592272,2,0.999859164847546,0.0005914630173632052,0.9999085642902065,0.9999085642902065,0.9999085642902065
2025-03-29 19:55:39.391,rf.nn.train.agent.a2,80,2025-03-29T18:55:35.867274Z,a2,3.492306,3,1.0,8.193468000980594e-05,1.0,1.0,1.0
2025-03-29 19:55:50.062,rf.nn.train.agent.a1,81,2025-03-29T18:55:48.959194Z,a1,1.098025,1,0.9958208955223881,0.015198651026060718,0.5794912599913289,0.7076098917818391,0.6181070379637422
2025-03-29 19:55:50.998,rf.nn.train.agent.a1,81,2025-03-29T18:55:50.065613Z,a1,0.924209,2,1.0,0.0004446572342221852,1.0,1.0,1.0
2025-03-29 19:55:51.709,rf.nn.train.agent.a1,81,2025-03-29T18:55:50.998209Z,a1,0.703884,3,1.0,3.870669918563795e-05,1.0,1.0,1.0
2025-03-29 19:55:55.797,rf.nn.train.agent.a3,81,2025-03-29T18:55:53.612441Z,a3,2.167971,1,0.9989676087237063,0.0032301934604605817,0.9931339565117359,0.9997139515308119,0.9963497283934782
2025-03-29 19:55:57.756,rf.nn.train.agent.a3,81,2025-03-29T18:55:55.797195Z,a3,1.94279,2,1.0,0.0005609896364629828,1.0,1.0,1.0
2025-03-29 19:55:59.740,rf.nn.train.agent.a3,81,2025-03-29T18:55:57.757275Z,a3,1.969932,3,1.0,0.0004326413760132623,1.0,1.0,1.0
2025-03-29 19:56:05.993,rf.nn.train.agent.a2,81,2025-03-29T18:56:01.867173Z,a2,4.095031,1,0.9977466375607351,0.009387581966316996,0.7378170226065832,0.7458516390074192,0.7416905777047228
2025-03-29 19:56:09.270,rf.nn.train.agent.a2,81,2025-03-29T18:56:05.993259Z,a2,3.254738,2,0.9978874727131892,0.007913578705880822,0.9985512146799896,0.9985640288491938,0.9985576038378947
2025-03-29 19:56:12.701,rf.nn.train.agent.a2,81,2025-03-29T18:56:09.277008Z,a2,3.392215,3,0.9873248362791353,0.05094584229962478,0.9815097213420864,0.9814864056615847,0.981497510203014
2025-03-29 19:56:15.851,rf.nn.train.agent.a4,81,2025-03-29T18:56:15.277049Z,a4,0.574424,1,0.9976275207591934,0.00881621261983385,0.8979578893962454,0.9994098943326316,0.928181065718491
2025-03-29 19:56:16.331,rf.nn.train.agent.a4,81,2025-03-29T18:56:15.851473Z,a4,0.475568,2,1.0,0.0007111691435434381,1.0,1.0,1.0
2025-03-29 19:56:16.800,rf.nn.train.agent.a4,81,2025-03-29T18:56:16.335551Z,a4,0.46162,3,1.0,0.0004576431448992291,1.0,1.0,1.0
2025-03-29 19:56:21.905,rf.nn.train.agent.a0,81,2025-03-29T18:56:18.677451Z,a0,3.201891,1,0.9983092529972333,0.007730080888533554,0.49770468453232664,0.4991572635429236,0.4984214847936082
2025-03-29 19:56:24.847,rf.nn.train.agent.a0,81,2025-03-29T18:56:21.907189Z,a0,2.913045,2,1.0,0.0003452600334437776,1.0,1.0,1.0
2025-03-29 19:56:27.967,rf.nn.train.agent.a0,81,2025-03-29T18:56:24.853747Z,a0,3.087099,3,0.9994620350445742,0.001898518712332537,0.9996312260701152,0.9995315628410605,0.9995811816832525
2025-03-29 19:56:41.289,rf.nn.train.agent.a2,82,2025-03-29T18:56:37.473359Z,a2,3.787793,1,0.9990141539328217,0.003048918170337716,0.663694091962772,0.6662146944695257,0.6649383710733437
2025-03-29 19:56:44.989,rf.nn.train.agent.a2,82,2025-03-29T18:56:41.292292Z,a2,3.66817,2,0.999929582423773,0.0001797827172847793,0.9999512670565301,0.9999576127500848,0.9999544336450757
2025-03-29 19:56:48.672,rf.nn.train.agent.a2,82,2025-03-29T18:56:44.992065Z,a2,3.653393,3,1.0,0.00015039156389008726,1.0,1.0,1.0
2025-03-29 19:56:55.095,rf.nn.train.agent.a0,82,2025-03-29T18:56:51.411234Z,a0,3.660864,1,0.9975407316323394,0.00907075675482968,0.6233091834606482,0.623688894864408,0.623498252255325
2025-03-29 19:56:58.720,rf.nn.train.agent.a0,82,2025-03-29T18:56:55.099319Z,a0,3.595016,2,0.9903166308023363,0.03273255605463827,0.9881816718017931,0.9860369974109444,0.987104265902631
2025-03-29 19:57:02.578,rf.nn.train.agent.a0,82,2025-03-29T18:56:58.722865Z,a0,3.830033,3,0.9860129111589302,0.05351588512814607,0.8177903295920048,0.8189053737802173,0.8183432804888541
2025-03-29 19:57:07.405,rf.nn.train.agent.a3,82,2025-03-29T18:57:05.136125Z,a3,2.256919,1,0.9916118208801136,0.03769766848866895,0.8708483811162457,0.8892405377472523,0.8796498852612886
2025-03-29 19:57:09.629,rf.nn.train.agent.a3,82,2025-03-29T18:57:07.409338Z,a3,2.20309,2,0.9769002451929282,0.10589197302449622,0.944995963875165,0.9545044493417519,0.9492742183286565
2025-03-29 19:57:11.732,rf.nn.train.agent.a3,82,2025-03-29T18:57:09.633383Z,a3,2.086216,3,0.989159891598916,0.04638352904358121,0.9713608914737032,0.9534360524304967,0.9615698705743227
2025-03-29 19:57:14.694,rf.nn.train.agent.a4,82,2025-03-29T18:57:14.141321Z,a4,0.55064,1,0.9733096085409253,0.06958679738845774,0.6865027669885184,0.9906768605444102,0.7527409692933829
2025-03-29 19:57:15.195,rf.nn.train.agent.a4,82,2025-03-29T18:57:14.697466Z,a4,0.494839,2,0.9839857651245552,0.03917655858403689,0.8793912796142583,0.8850532020509946,0.8821431348694703
2025-03-29 19:57:15.706,rf.nn.train.agent.a4,82,2025-03-29T18:57:15.198059Z,a4,0.505146,3,0.9881376037959668,0.04266986889057801,0.9971335425999945,0.9940681712204891,0.9955789432496182
2025-03-29 19:57:18.722,rf.nn.train.agent.a1,82,2025-03-29T18:57:17.660788Z,a1,1.0571,1,0.9952238805970149,0.01662482426780594,0.5400062869212869,0.6201631017841011,0.5592391304347826
2025-03-29 19:57:19.693,rf.nn.train.agent.a1,82,2025-03-29T18:57:18.724889Z,a1,0.963445,2,0.9997014925373134,0.0004075385069388458,0.9994428969359331,0.9999318336741648,0.9996869709998887
2025-03-29 19:57:20.504,rf.nn.train.agent.a1,82,2025-03-29T18:57:19.695393Z,a1,0.803761,3,0.9991044776119403,0.0026787090395691705,0.9993050545811007,0.9955995895506273,0.9974343468105694
2025-03-29 19:57:30.550,rf.nn.train.agent.a1,83,2025-03-29T18:57:29.842108Z,a1,0.702473,1,0.9955223880597015,0.012714722868876802,0.7566154014093414,0.8224002196574286,0.7837511402506285
2025-03-29 19:57:31.269,rf.nn.train.agent.a1,83,2025-03-29T18:57:30.551380Z,a1,0.713004,2,1.0,7.97720494012769e-05,1.0,1.0,1.0
2025-03-29 19:57:31.999,rf.nn.train.agent.a1,83,2025-03-29T18:57:31.272838Z,a1,0.72182,3,0.9982089552238806,0.0035634263435027048,0.9916881767975102,0.991199179101255,0.9914432825715324
2025-03-29 19:57:34.403,rf.nn.train.agent.a4,83,2025-03-29T18:57:33.963170Z,a4,0.438518,1,0.9958481613285883,0.011472322596640673,0.8467652580841569,0.8991087499696772,0.8645849967472987
2025-03-29 19:57:34.817,rf.nn.train.agent.a4,83,2025-03-29T18:57:34.408240Z,a4,0.40882,2,0.9994068801897983,0.0019100825414187846,0.9998103905953736,0.9998948806895827,0.9998525298075922
2025-03-29 19:57:35.232,rf.nn.train.agent.a4,83,2025-03-29T18:57:34.821519Z,a4,0.406509,3,1.0,0.0002828400948120996,1.0,1.0,1.0
2025-03-29 19:57:39.287,rf.nn.train.agent.a3,83,2025-03-29T18:57:37.183919Z,a3,2.089649,1,0.9989676087237063,0.004602201546403561,0.8872410356356,0.8996145396745916,0.8932306423931647
2025-03-29 19:57:41.307,rf.nn.train.agent.a3,83,2025-03-29T18:57:39.291410Z,a3,2.003841,2,1.0,0.00023627308149751623,1.0,1.0,1.0
2025-03-29 19:57:43.367,rf.nn.train.agent.a3,83,2025-03-29T18:57:41.311303Z,a3,2.039719,3,0.9997419021809266,0.0006914298140668015,0.9993839200840797,0.9999315669616057,0.9996569940821165
2025-03-29 19:57:49.717,rf.nn.train.agent.a2,83,2025-03-29T18:57:45.598838Z,a2,4.088249,1,0.9862685726357299,0.05486372727507838,0.7133694228624203,0.7339698221423285,0.7229671195701329
2025-03-29 19:57:53.057,rf.nn.train.agent.a2,83,2025-03-29T18:57:49.717039Z,a2,3.311569,2,0.9938032532920217,0.018589340759991677,0.8535865694793433,0.8484609877115048,0.8509773164342427
2025-03-29 19:57:56.720,rf.nn.train.agent.a2,83,2025-03-29T18:57:53.064278Z,a2,3.627004,3,0.9942257587493838,0.020479370517742384,0.8503941907007492,0.8452805832927581,0.8477909648810693
2025-03-29 19:58:03.647,rf.nn.train.agent.a0,83,2025-03-29T18:57:59.713902Z,a0,3.914094,1,0.9963879495849984,0.012877407605445312,0.4946019012460446,0.497060076033049,0.4958102687970178
2025-03-29 19:58:06.977,rf.nn.train.agent.a0,83,2025-03-29T18:58:03.655765Z,a0,3.291093,2,0.9989240700891485,0.0037660437634237883,0.9988406564915081,0.9990534730971046,0.998946887007755
2025-03-29 19:58:10.615,rf.nn.train.agent.a0,83,2025-03-29T18:58:06.977084Z,a0,3.611274,3,0.9981555487242545,0.00718746242164223,0.8321567104467135,0.8321146124679931,0.8321356587932615
2025-03-29 19:58:24.394,rf.nn.train.agent.a0,84,2025-03-29T18:58:20.817091Z,a0,3.549713,1,0.99746387949585,0.008144124485086245,0.6237512108303844,0.6237224290063261,0.6237366639520275
2025-03-29 19:58:27.902,rf.nn.train.agent.a0,84,2025-03-29T18:58:24.397207Z,a0,3.480785,2,0.9982324008607439,0.0058289386021590514,0.9965258186862498,0.9976628510499722,0.9970930007066734
2025-03-29 19:58:31.517,rf.nn.train.agent.a0,84,2025-03-29T18:58:27.906280Z,a0,3.59142,3,0.9863971718413772,0.04712082078362935,0.8187148340498286,0.8202714225171709,0.8194888677287615
2025-03-29 19:58:34.737,rf.nn.train.agent.a4,84,2025-03-29T18:58:34.127509Z,a4,0.609888,1,0.9792408066429419,0.08522572169035897,0.6786173119708531,0.7960963539771486,0.705681814459197
2025-03-29 19:58:35.257,rf.nn.train.agent.a4,84,2025-03-29T18:58:34.747127Z,a4,0.507243,2,0.998220640569395,0.004137480223605207,0.8331234917637185,0.8885090218423551,0.8515565731461581
2025-03-29 19:58:35.775,rf.nn.train.agent.a4,84,2025-03-29T18:58:35.262229Z,a4,0.507348,3,0.9994068801897983,0.0026826116604194605,0.9998949800462087,0.9998100664767331,0.9998524171964525
2025-03-29 19:58:41.862,rf.nn.train.agent.a2,84,2025-03-29T18:58:37.867429Z,a2,3.969891,1,0.9992254066615027,0.0030505167904325866,0.7440807298097752,0.749610011711942,0.7467760460224975
2025-03-29 19:58:45.228,rf.nn.train.agent.a2,84,2025-03-29T18:58:41.867368Z,a2,3.334704,2,0.9997183296950919,0.0009346281828774779,0.9958011508201464,0.9958009189122322,0.9958010276179176
2025-03-29 19:58:48.943,rf.nn.train.agent.a2,84,2025-03-29T18:58:45.228330Z,a2,3.685222,3,1.0,7.887987831149127e-05,1.0,1.0,1.0
2025-03-29 19:58:52.578,rf.nn.train.agent.a1,84,2025-03-29T18:58:51.460535Z,a1,1.113164,1,0.997910447761194,0.006243460313085675,0.8617091723334183,0.9985418499350706,0.8967748185084181
2025-03-29 19:58:53.558,rf.nn.train.agent.a1,84,2025-03-29T18:58:52.580076Z,a1,0.969156,2,0.9997014925373134,0.0007644674458106322,0.9999318568994889,0.9962264150943396,0.9980611607396408
2025-03-29 19:58:54.487,rf.nn.train.agent.a1,84,2025-03-29T18:58:53.558779Z,a1,0.91839,3,1.0,0.0001196816061729965,1.0,1.0,1.0
2025-03-29 19:58:58.467,rf.nn.train.agent.a3,84,2025-03-29T18:58:56.416899Z,a3,2.04044,1,0.997289972899729,0.007927821480616668,0.8824017659414162,0.8941857984930841,0.8880157644613849
2025-03-29 19:59:00.489,rf.nn.train.agent.a3,84,2025-03-29T18:58:58.474176Z,a3,2.003117,2,0.9950961414376048,0.020532914480273053,0.9863148146486308,0.9869630603799343,0.9863796135749792
2025-03-29 19:59:02.548,rf.nn.train.agent.a3,84,2025-03-29T18:59:00.489930Z,a3,2.050529,3,0.997289972899729,0.00883142886804775,0.995440642917793,0.9952651331705604,0.9953362568411043
2025-03-29 19:59:13.107,rf.nn.train.agent.a1,85,2025-03-29T18:59:12.317337Z,a1,0.786485,1,0.9919402985074627,0.030006259714974365,0.46788293092577093,0.492114617577715,0.4786092825287734
2025-03-29 19:59:13.836,rf.nn.train.agent.a1,85,2025-03-29T18:59:13.111630Z,a1,0.718771,2,0.9967164179104477,0.01579566991523266,0.8276917907590561,0.8306647549630036,0.8291638309976072
2025-03-29 19:59:14.567,rf.nn.train.agent.a1,85,2025-03-29T18:59:13.838771Z,a1,0.72419,3,0.9946268656716418,0.025560423687234695,0.8236185333899287,0.8205948275360342,0.8220922818636772
2025-03-29 19:59:16.854,rf.nn.train.agent.a4,85,2025-03-29T18:59:16.418177Z,a4,0.434423,1,0.998220640569395,0.007113462559727678,0.8611111111111112,0.9996846420687481,0.9098950070053812
2025-03-29 19:59:17.280,rf.nn.train.agent.a4,85,2025-03-29T18:59:16.858124Z,a4,0.421898,2,1.0,0.0005054561884636949,1.0,1.0,1.0
2025-03-29 19:59:17.706,rf.nn.train.agent.a4,85,2025-03-29T18:59:17.287041Z,a4,0.419896,3,1.0,0.0004139234936804503,1.0,1.0,1.0
2025-03-29 19:59:23.218,rf.nn.train.agent.a0,85,2025-03-29T18:59:19.627075Z,a0,3.572077,1,0.99746387949585,0.008706599144327339,0.7114165126629022,0.7109196095584319,0.7111669856685039
2025-03-29 19:59:27.056,rf.nn.train.agent.a0,85,2025-03-29T18:59:23.226924Z,a0,3.80286,2,0.998616661543191,0.004772630807930236,0.998151500807702,0.9989568695715534,0.9985528739479393
2025-03-29 19:59:30.743,rf.nn.train.agent.a0,85,2025-03-29T18:59:27.060572Z,a0,3.658541,3,0.9924684906240393,0.023904121156263298,0.9826254607901902,0.9865597005758143,0.9845640578847237
2025-03-29 19:59:37.784,rf.nn.train.agent.a2,85,2025-03-29T18:59:33.416142Z,a2,4.338976,1,0.9997183296950919,0.0009598483362174542,0.8570584262073623,0.856975021035873,0.8570167051852682
2025-03-29 19:59:41.847,rf.nn.train.agent.a2,85,2025-03-29T18:59:37.787553Z,a2,4.029701,2,0.9948595169354271,0.02234355657522525,0.8507635276827046,0.8507177080565894,0.8507403820317083
2025-03-29 19:59:45.592,rf.nn.train.agent.a2,85,2025-03-29T18:59:41.850148Z,a2,3.714553,3,0.9858460671783678,0.06056031044995497,0.9695587893907422,0.9804986490722718,0.9748328432340155
2025-03-29 19:59:50.151,rf.nn.train.agent.a3,85,2025-03-29T18:59:48.060273Z,a3,2.078568,1,0.9958704348948252,0.014799689738090444,0.8371995718063691,0.8753787165506871,0.852168862212231
2025-03-29 19:59:52.189,rf.nn.train.agent.a3,85,2025-03-29T18:59:50.155089Z,a3,2.021982,2,0.9967737772615821,0.010231626676487028,0.991695874213276,0.980381009418902,0.985248985467333
2025-03-29 19:59:54.228,rf.nn.train.agent.a3,85,2025-03-29T18:59:52.191417Z,a3,2.025834,3,0.9979352174474125,0.007222172017970101,0.9980307972215022,0.9973142611323755,0.9976584040550472
2025-03-29 20:00:04.667,rf.nn.train.agent.a4,86,2025-03-29T19:00:04.113195Z,a4,0.552143,1,0.9881376037959668,0.03172238909939792,0.7565300134690918,0.8974971900799715,0.7784376294645499
2025-03-29 20:00:05.127,rf.nn.train.agent.a4,86,2025-03-29T19:00:04.667345Z,a4,0.455519,2,0.9988137603795967,0.005463021286425159,0.9997049471663159,0.9997049471663159,0.9997049471663159
2025-03-29 20:00:05.517,rf.nn.train.agent.a4,86,2025-03-29T19:00:05.128433Z,a4,0.378546,3,0.9988137603795967,0.0027158226816336195,0.9997901584303851,0.9996201329534663,0.9997047212943061
2025-03-29 20:00:09.349,rf.nn.train.agent.a3,86,2025-03-29T19:00:07.337016Z,a3,2.000095,1,0.9996128532713898,0.0012972964563002084,0.9840740740740741,0.9998788759689923,0.991444549728151
2025-03-29 20:00:11.421,rf.nn.train.agent.a3,86,2025-03-29T19:00:09.353163Z,a3,2.05411,2,0.9988385598141696,0.005296638944007803,0.9975773034636747,0.99915988045833,0.9983574421690121
2025-03-29 20:00:13.546,rf.nn.train.agent.a3,86,2025-03-29T19:00:11.424537Z,a3,2.107036,3,0.9917408697896503,0.028544142241177666,0.983776516950582,0.9893769766508534,0.9865033749392528
2025-03-29 20:00:20.200,rf.nn.train.agent.a2,86,2025-03-29T19:00:15.987681Z,a2,4.184067,1,0.9990845715090486,0.0025314640674155915,0.7436183296446333,0.7435185135405704,0.7435683890999754
2025-03-29 20:00:23.657,rf.nn.train.agent.a2,86,2025-03-29T19:00:20.205132Z,a2,3.428372,2,0.999788747271319,0.0005464600699077177,0.9959339646283979,0.9998592983526756,0.9978727164466809
2025-03-29 20:00:27.308,rf.nn.train.agent.a2,86,2025-03-29T19:00:23.663910Z,a2,3.619987,3,0.9994366593901838,0.0023914687276810833,0.9996150531329581,0.99960764619889,0.9996113288537045
2025-03-29 20:00:31.022,rf.nn.train.agent.a1,86,2025-03-29T19:00:29.902339Z,a1,1.115182,1,0.9946268656716418,0.016547163338432112,0.6597577345844934,0.7051187553596081,0.6802300784116025
2025-03-29 20:00:32.017,rf.nn.train.agent.a1,86,2025-03-29T19:00:31.027026Z,a1,0.982482,2,0.9988059701492538,0.002772602516705513,0.9593050081304527,0.9955314232247924,0.9751780240034688
2025-03-29 20:00:32.975,rf.nn.train.agent.a1,86,2025-03-29T19:00:32.017118Z,a1,0.953899,3,1.0,0.00022742511315906693,1.0,1.0,1.0
2025-03-29 20:00:38.796,rf.nn.train.agent.a0,86,2025-03-29T19:00:35.019314Z,a0,3.757959,1,0.9955425760836151,0.01524302310166864,0.4967204943321722,0.4974825704084833,0.497095954022326
2025-03-29 20:00:41.727,rf.nn.train.agent.a0,86,2025-03-29T19:00:38.803289Z,a0,2.893774,2,0.9972333230863818,0.008962660021637424,0.9961073137760085,0.9961111141371941,0.9961091942985295
2025-03-29 20:00:45.161,rf.nn.train.agent.a0,86,2025-03-29T19:00:41.730388Z,a0,3.406668,3,0.9857823547494621,0.05299098650809207,0.9790961659743234,0.9805222788611416,0.9798071967611233
2025-03-29 20:00:55.927,rf.nn.train.agent.a1,87,2025-03-29T19:00:54.831593Z,a1,1.090832,1,0.9994029850746269,0.0014471656485576594,0.7142857142857143,0.7141883338202356,0.7142370074521455
2025-03-29 20:00:56.940,rf.nn.train.agent.a1,87,2025-03-29T19:00:55.929465Z,a1,1.002253,2,1.0,0.00017910282385706804,1.0,1.0,1.0
2025-03-29 20:00:57.907,rf.nn.train.agent.a1,87,2025-03-29T19:00:56.940190Z,a1,0.962049,3,1.0,0.00020157165555230807,1.0,1.0,1.0
2025-03-29 20:01:00.554,rf.nn.train.agent.a4,87,2025-03-29T19:00:59.992774Z,a4,0.55413,1,0.998220640569395,0.007179406916001649,0.8858858858858859,0.999515013643049,0.9241610126291712
2025-03-29 20:01:01.049,rf.nn.train.agent.a4,87,2025-03-29T19:01:00.554675Z,a4,0.494969,2,1.0,0.0009618975574548525,1.0,1.0,1.0
2025-03-29 20:01:01.547,rf.nn.train.agent.a4,87,2025-03-29T19:01:01.056809Z,a4,0.490297,3,1.0,0.0008664586254592407,1.0,1.0,1.0
2025-03-29 20:01:07.647,rf.nn.train.agent.a2,87,2025-03-29T19:01:03.517243Z,a2,4.102001,1,0.9957045278501514,0.014107709800020804,0.5984009657389722,0.5947213929515156,0.5965286626561733
2025-03-29 20:01:11.710,rf.nn.train.agent.a2,87,2025-03-29T19:01:07.647132Z,a2,4.033637,2,0.9950003520878812,0.018834520616814253,0.8493756103930944,0.8541934308712447,0.8517409936917558
2025-03-29 20:01:15.704,rf.nn.train.agent.a2,87,2025-03-29T19:01:11.711979Z,a2,3.967479,3,0.9907752975142595,0.0379919689591759,0.9898239076717373,0.9937062400374153,0.9917409980526083
2025-03-29 20:01:20.817,rf.nn.train.agent.a3,87,2025-03-29T19:01:18.513297Z,a3,2.293657,1,0.9983223641760227,0.005455979301748446,0.8911350030079002,0.8986251321353066,0.8948033208320453
2025-03-29 20:01:22.582,rf.nn.train.agent.a3,87,2025-03-29T19:01:20.817936Z,a3,1.751282,2,0.9984514130855594,0.005428672174871365,0.994136667910489,0.994687297047078,0.9943980660677999
2025-03-29 20:01:24.508,rf.nn.train.agent.a3,87,2025-03-29T19:01:22.587050Z,a3,1.908964,3,0.9905794296038198,0.03892839431128223,0.969106697239506,0.9757816444311066,0.9721899234909335
2025-03-29 20:01:30.383,rf.nn.train.agent.a0,87,2025-03-29T19:01:26.732343Z,a0,3.624742,1,0.9980786965877652,0.006552437403252769,0.5538912182815972,0.5547133135331818,0.5543002980058566
2025-03-29 20:01:34.056,rf.nn.train.agent.a0,87,2025-03-29T19:01:30.387099Z,a0,3.64204,2,0.9993083307715954,0.001903608296725938,0.9984991505938886,0.9990957055163436,0.9987959272252059
2025-03-29 20:01:37.818,rf.nn.train.agent.a0,87,2025-03-29T19:01:34.060941Z,a0,3.73586,3,0.999615739317553,0.00127731200281764,0.9994107606968903,0.9996343205806173,0.9995223780275879
2025-03-29 20:01:50.829,rf.nn.train.agent.a0,88,2025-03-29T19:01:47.037394Z,a0,3.769837,1,0.9940823854903166,0.020742549410982396,0.4951541365830999,0.49704751531106267,0.49608612590122825
2025-03-29 20:01:53.923,rf.nn.train.agent.a0,88,2025-03-29T19:01:50.829344Z,a0,3.067898,2,0.9950046111281894,0.01638069703813872,0.7089362306122643,0.7079744434979419,0.7084542526547769
2025-03-29 20:01:57.361,rf.nn.train.agent.a0,88,2025-03-29T19:01:53.926781Z,a0,3.410277,3,0.9815554872425454,0.08479184417685717,0.6983387125389209,0.6983675593900871,0.6983508459424227
2025-03-29 20:02:02.587,rf.nn.train.agent.a3,88,2025-03-29T19:02:00.090218Z,a3,2.486733,1,0.9952251903471415,0.014003704314955909,0.8602404668218894,0.896744707633248,0.8769841814482987
2025-03-29 20:02:04.446,rf.nn.train.agent.a3,88,2025-03-29T19:02:02.590437Z,a3,1.848394,2,0.998193315266486,0.010466591231554186,0.99682066848003,0.9971708448554634,0.9969949094874256
2025-03-29 20:02:06.268,rf.nn.train.agent.a3,88,2025-03-29T19:02:04.453344Z,a3,1.805434,3,0.992773261065944,0.026066408697893596,0.9860684624218456,0.9855520377401259,0.9855620191567281
2025-03-29 20:02:12.661,rf.nn.train.agent.a2,88,2025-03-29T19:02:08.740377Z,a2,3.893833,1,0.9997183296950919,0.0016701439990102636,0.8487733466872166,0.8569863684370757,0.8528161436633279
2025-03-29 20:02:16.508,rf.nn.train.agent.a2,88,2025-03-29T19:02:12.667115Z,a2,3.81404,2,1.0,0.00010255045444241818,1.0,1.0,1.0
2025-03-29 20:02:20.397,rf.nn.train.agent.a2,88,2025-03-29T19:02:16.512897Z,a2,3.854068,3,1.0,8.850271971817225e-05,1.0,1.0,1.0
2025-03-29 20:02:23.703,rf.nn.train.agent.a4,88,2025-03-29T19:02:23.077030Z,a4,0.62022,1,0.966785290628707,0.12980249826370777,0.6174281073952936,0.7880562630893757,0.6572359005829594
2025-03-29 20:02:24.232,rf.nn.train.agent.a4,88,2025-03-29T19:02:23.703712Z,a4,0.524131,2,0.9839857651245552,0.05019258580514876,0.9905914745924902,0.9928234507704706,0.9916826475499079
2025-03-29 20:02:24.754,rf.nn.train.agent.a4,88,2025-03-29T19:02:24.232505Z,a4,0.514679,3,0.9958481613285883,0.010806880203968179,0.9932977639401295,0.9959436075330115,0.9946003396770909
2025-03-29 20:02:27.878,rf.nn.train.agent.a1,88,2025-03-29T19:02:26.790514Z,a1,1.086536,1,0.991044776119403,0.034236170380348444,0.44773304958062216,0.5440052182051728,0.45805937622676496
2025-03-29 20:02:28.897,rf.nn.train.agent.a1,88,2025-03-29T19:02:27.878875Z,a1,1.016324,2,0.9973134328358209,0.010572946495280365,0.9937889011568029,0.9974245314993164,0.9955894035000294
2025-03-29 20:02:29.897,rf.nn.train.agent.a1,88,2025-03-29T19:02:28.902233Z,a1,0.992529,3,0.9976119402985074,0.009320289943841919,0.9570857500284318,0.9979831907171934,0.9753106613441872
2025-03-29 20:02:40.467,rf.nn.train.agent.a1,89,2025-03-29T19:02:39.357555Z,a1,1.100623,1,0.9949253731343284,0.0212215209171367,0.5892912859468636,0.6178046112180633,0.6021175352815069
2025-03-29 20:02:41.515,rf.nn.train.agent.a1,89,2025-03-29T19:02:40.467441Z,a1,1.039762,2,1.0,0.00031561182305962657,1.0,1.0,1.0
2025-03-29 20:02:42.488,rf.nn.train.agent.a1,89,2025-03-29T19:02:41.517241Z,a1,0.970911,3,1.0,2.494192345798946e-05,1.0,1.0,1.0
2025-03-29 20:02:48.939,rf.nn.train.agent.a2,89,2025-03-29T19:02:44.587013Z,a2,4.326217,1,0.9899302865995352,0.03657482544329134,0.6521666799215287,0.6581698972697083,0.6551197523131953
2025-03-29 20:02:52.696,rf.nn.train.agent.a2,89,2025-03-29T19:02:48.942126Z,a2,3.725815,2,0.9906344623618055,0.03492635636450438,0.8450616044439467,0.8432377469683032,0.8440832451458002
2025-03-29 20:02:56.236,rf.nn.train.agent.a2,89,2025-03-29T19:02:52.699686Z,a2,3.510431,3,0.9935215829871136,0.028244329247338537,0.9857878082538631,0.9897058544376537,0.9877228506059454
2025-03-29 20:03:03.056,rf.nn.train.agent.a0,89,2025-03-29T19:02:58.939103Z,a0,4.091424,1,0.9978481401782969,0.006720625609067514,0.5530329444126858,0.5546322250458697,0.5538262447969449
2025-03-29 20:03:06.849,rf.nn.train.agent.a0,89,2025-03-29T19:03:03.059412Z,a0,3.768154,2,0.999615739317553,0.0011301722451998357,0.8323919132741038,0.8330267387951449,0.8327083020640692
2025-03-29 20:03:10.560,rf.nn.train.agent.a0,89,2025-03-29T19:03:06.852470Z,a0,3.684382,3,0.9979249923147864,0.005901057961948362,0.9955072427916081,0.9960834025337226,0.995793736772374
2025-03-29 20:03:13.781,rf.nn.train.agent.a4,89,2025-03-29T19:03:13.223267Z,a4,0.554832,1,0.9899169632265717,0.02621411716821933,0.7710142078221662,0.9973648295944102,0.8202966246745513
2025-03-29 20:03:14.288,rf.nn.train.agent.a4,89,2025-03-29T19:03:13.784147Z,a4,0.501075,2,0.9976275207591934,0.004687714787511175,0.9965963719931692,0.9993250801197822,0.9979398080680506
2025-03-29 20:03:14.799,rf.nn.train.agent.a4,89,2025-03-29T19:03:14.291753Z,a4,0.501149,3,1.0,0.00044060106129023243,1.0,1.0,1.0
2025-03-29 20:03:19.045,rf.nn.train.agent.a3,89,2025-03-29T19:03:16.998432Z,a3,2.032294,1,0.9980642663569493,0.006144367555747495,0.8838595841503686,0.8984307541448759,0.8909386459107687
2025-03-29 20:03:20.900,rf.nn.train.agent.a3,89,2025-03-29T19:03:19.047187Z,a3,1.844421,2,0.9998709510904633,0.0005679440046976451,0.9999719487222644,0.9994212962962963,0.9996958652507261
2025-03-29 20:03:22.877,rf.nn.train.agent.a3,89,2025-03-29T19:03:20.906817Z,a3,1.960118,3,1.0,0.00027509486622116357,1.0,1.0,1.0
2025-03-29 20:03:36.089,rf.nn.train.agent.a2,90,2025-03-29T19:03:32.687241Z,a2,3.369875,1,0.9996479121188648,0.001773157980889976,0.749889693197537,0.7498215160771917,0.7498555945075236
2025-03-29 20:03:39.918,rf.nn.train.agent.a2,90,2025-03-29T19:03:36.089047Z,a2,3.798148,2,1.0,0.00016746903472547941,1.0,1.0,1.0
2025-03-29 20:03:43.857,rf.nn.train.agent.a2,90,2025-03-29T19:03:39.918689Z,a2,3.908238,3,1.0,5.399249720987258e-05,1.0,1.0,1.0
2025-03-29 20:03:47.857,rf.nn.train.agent.a1,90,2025-03-29T19:03:46.691515Z,a1,1.155784,1,0.9976119402985074,0.010105482835470931,0.6179702604344365,0.6197208370885168,0.6188348632190208
2025-03-29 20:03:48.887,rf.nn.train.agent.a1,90,2025-03-29T19:03:47.857241Z,a1,1.025276,2,1.0,0.00019591048641687047,1.0,1.0,1.0
2025-03-29 20:03:49.899,rf.nn.train.agent.a1,90,2025-03-29T19:03:48.891854Z,a1,1.002162,3,1.0,4.214583123787937e-05,1.0,1.0,1.0
2025-03-29 20:03:52.626,rf.nn.train.agent.a4,90,2025-03-29T19:03:52.047253Z,a4,0.579737,1,0.9922894424673784,0.025619310933833267,0.787137815644075,0.8985411056934236,0.8070242416132828
2025-03-29 20:03:53.136,rf.nn.train.agent.a4,90,2025-03-29T19:03:52.634090Z,a4,0.498082,2,1.0,0.00044210545358921836,1.0,1.0,1.0
2025-03-29 20:03:53.679,rf.nn.train.agent.a4,90,2025-03-29T19:03:53.139213Z,a4,0.530285,3,1.0,0.00021793829097197954,1.0,1.0,1.0
2025-03-29 20:03:58.539,rf.nn.train.agent.a3,90,2025-03-29T19:03:55.936998Z,a3,2.594568,1,0.9940637501613111,0.017171866264968715,0.8599730889451396,0.8868209703730219,0.8727107143047232
2025-03-29 20:04:00.970,rf.nn.train.agent.a3,90,2025-03-29T19:03:58.548109Z,a3,2.408854,2,0.9925151632468706,0.026693254455967746,0.978910098278698,0.9928769153180108,0.9853347278304949
2025-03-29 20:04:03.407,rf.nn.train.agent.a3,90,2025-03-29T19:04:00.970480Z,a3,2.428419,3,0.9926442121564073,0.0235123080158777,0.9904954054587917,0.9892923292749207,0.989886351483691
2025-03-29 20:04:10.098,rf.nn.train.agent.a0,90,2025-03-29T19:04:06.102607Z,a0,3.977421,1,0.9913925607131878,0.028780899437770808,0.548184292193131,0.5498066429678651,0.5489849750054527
2025-03-29 20:04:13.966,rf.nn.train.agent.a0,90,2025-03-29T19:04:10.107246Z,a0,3.832891,2,0.9918536735321242,0.031598573030846774,0.9863491001394241,0.9876819854105549,0.9870138131919337
2025-03-29 20:04:17.877,rf.nn.train.agent.a0,90,2025-03-29T19:04:13.970244Z,a0,3.880758,3,0.9929296034429758,0.028535035141993143,0.9899473547418289,0.988022734554724,0.988980086482837
2025-03-29 20:04:29.037,rf.nn.train.agent.a4,91,2025-03-29T19:04:28.492343Z,a4,0.535583,1,0.9970344009489917,0.012172813106790616,0.8055555555555556,0.9994744034479134,0.8589958379432063
2025-03-29 20:04:29.571,rf.nn.train.agent.a4,91,2025-03-29T19:04:29.040624Z,a4,0.526284,2,0.9994068801897983,0.0026520142291272626,0.9998103905953736,0.9998948806895827,0.9998525298075922
2025-03-29 20:04:30.071,rf.nn.train.agent.a4,91,2025-03-29T19:04:29.571844Z,a4,0.498161,3,1.0,0.00040001370053635945,1.0,1.0,1.0
2025-03-29 20:04:36.652,rf.nn.train.agent.a2,91,2025-03-29T19:04:32.241269Z,a2,4.380024,1,0.9988029012041405,0.0047442656073427075,0.7422821541211182,0.7493954821245122,0.7457830469056883
2025-03-29 20:04:41.096,rf.nn.train.agent.a2,91,2025-03-29T19:04:36.652048Z,a2,4.411626,2,0.9902823744806704,0.04424210816274804,0.7379491720986753,0.745053418493994,0.7414451581994299
2025-03-29 20:04:45.517,rf.nn.train.agent.a2,91,2025-03-29T19:04:41.096962Z,a2,4.391501,3,0.986409407788184,0.05619436749141099,0.7342134446939315,0.7340996921107112,0.7341561114444324
2025-03-29 20:04:52.650,rf.nn.train.agent.a0,91,2025-03-29T19:04:48.727142Z,a0,3.896925,1,0.9980018444512757,0.006666171722151556,0.4976014253256591,0.49916449247579386,0.4983734863580688
2025-03-29 20:04:56.497,rf.nn.train.agent.a0,91,2025-03-29T19:04:52.653181Z,a0,3.817236,2,0.9992314786351061,0.0027981621367591946,0.9992614957356573,0.9990420503257648,0.9991516357434091
2025-03-29 20:05:00.416,rf.nn.train.agent.a0,91,2025-03-29T19:04:56.499286Z,a0,3.890455,3,0.9893944051644635,0.03788018311891268,0.7029547733763593,0.7032845193467318,0.7031185960605358
2025-03-29 20:05:03.966,rf.nn.train.agent.a1,91,2025-03-29T19:05:03.066923Z,a1,0.896873,1,0.984776119402985,0.07221997909489235,0.378524942828064,0.4603535987142452,0.4084288518186142
2025-03-29 20:05:04.747,rf.nn.train.agent.a1,91,2025-03-29T19:05:03.972147Z,a1,0.773314,2,0.9994029850746269,0.0013705897313328575,0.9961582487685046,0.9961582487685046,0.9961582487685046
2025-03-29 20:05:05.537,rf.nn.train.agent.a1,91,2025-03-29T19:05:04.753477Z,a1,0.778791,3,0.9997014925373134,0.000634623718927541,0.8333333333333334,0.8328677839851024,0.8331002331002332
2025-03-29 20:05:09.598,rf.nn.train.agent.a3,91,2025-03-29T19:05:07.500196Z,a3,2.084894,1,0.9988385598141696,0.0053195019654585585,0.8810363975115688,0.8976426706768162,0.8887887545700984
2025-03-29 20:05:11.737,rf.nn.train.agent.a3,91,2025-03-29T19:05:09.601140Z,a3,2.12341,2,0.9988385598141696,0.0033112762065165757,0.897601176647453,0.8995892871493393,0.8985898605247022
2025-03-29 20:05:13.867,rf.nn.train.agent.a3,91,2025-03-29T19:05:11.740298Z,a3,2.119058,3,0.9976771196283392,0.005735011996526501,0.9985336933245781,0.9979860140916852,0.9982591004085885
2025-03-29 20:05:26.671,rf.nn.train.agent.a2,92,2025-03-29T19:05:23.169279Z,a2,3.472306,1,0.9992958242377298,0.0024403501949475685,0.6637647821471969,0.663670851321898,0.6637177811051861
2025-03-29 20:05:30.289,rf.nn.train.agent.a2,92,2025-03-29T19:05:26.675644Z,a2,3.584922,2,0.999929582423773,0.0002582034390243448,0.9999512670565301,0.9999507340624693,0.9999509933553922
2025-03-29 20:05:34.127,rf.nn.train.agent.a2,92,2025-03-29T19:05:30.289546Z,a2,3.807638,3,0.999929582423773,0.0002458702160230117,0.9999576235274176,0.9999507340624693,0.9999541724597156
2025-03-29 20:05:40.889,rf.nn.train.agent.a0,92,2025-03-29T19:05:36.917044Z,a0,3.950263,1,0.9986935136796803,0.0038891205421690616,0.5546025434834642,0.554941219027776,0.5547711783112254
2025-03-29 20:05:44.684,rf.nn.train.agent.a0,92,2025-03-29T19:05:40.898098Z,a0,3.758875,2,1.0,0.0004133527553633495,1.0,1.0,1.0
2025-03-29 20:05:48.460,rf.nn.train.agent.a0,92,2025-03-29T19:05:44.687413Z,a0,3.749693,3,1.0,0.00012896614034840144,1.0,1.0,1.0
2025-03-29 20:05:52.010,rf.nn.train.agent.a4,92,2025-03-29T19:05:51.497795Z,a4,0.509694,1,0.9869513641755635,0.04633757732792116,0.6321565027319078,0.7975552482837251,0.6651714218147095
2025-03-29 20:05:52.385,rf.nn.train.agent.a4,92,2025-03-29T19:05:52.010998Z,a4,0.366128,2,1.0,0.0016602002700000292,1.0,1.0,1.0
2025-03-29 20:05:52.767,rf.nn.train.agent.a4,92,2025-03-29T19:05:52.387322Z,a4,0.371603,3,1.0,0.00044263768642446486,1.0,1.0,1.0
2025-03-29 20:05:55.675,rf.nn.train.agent.a1,92,2025-03-29T19:05:54.688646Z,a1,0.978253,1,0.9991044776119403,0.0017210744624883373,0.749535747446611,0.8331629175187457,0.7774600762626317
2025-03-29 20:05:56.606,rf.nn.train.agent.a1,92,2025-03-29T19:05:55.677040Z,a1,0.929898,2,1.0,0.00015797122816939199,1.0,1.0,1.0
2025-03-29 20:05:57.549,rf.nn.train.agent.a1,92,2025-03-29T19:05:56.617004Z,a1,0.930263,3,1.0,2.031730492167718e-05,1.0,1.0,1.0
2025-03-29 20:06:02.162,rf.nn.train.agent.a3,92,2025-03-29T19:05:59.762979Z,a3,2.385388,1,0.9978061685378758,0.0073330471112787055,0.8634268998591889,0.898006371858116,0.8783976656660284
2025-03-29 20:06:04.489,rf.nn.train.agent.a3,92,2025-03-29T19:06:02.164203Z,a3,2.312873,2,0.999096657633243,0.001802461241262105,0.9985290998746742,0.999049123768626,0.9987883516057957
2025-03-29 20:06:06.926,rf.nn.train.agent.a3,92,2025-03-29T19:06:04.489974Z,a3,2.421507,3,1.0,0.0003217223392943316,1.0,1.0,1.0
2025-03-29 20:06:17.391,rf.nn.train.agent.a1,93,2025-03-29T19:06:16.427211Z,a1,0.958278,1,0.9967164179104477,0.011470262054429338,0.5266618104118104,0.6242247984523579,0.5472756783240654
2025-03-29 20:06:18.229,rf.nn.train.agent.a1,93,2025-03-29T19:06:17.394031Z,a1,0.833822,2,0.9997014925373134,0.0003725966094621349,0.9994428969359331,0.9999318336741648,0.9996869709998887
2025-03-29 20:06:19.066,rf.nn.train.agent.a1,93,2025-03-29T19:06:18.229962Z,a1,0.834762,3,0.9997014925373134,0.0008939810860698943,0.9994428969359331,0.9999318336741648,0.9996869709998887
2025-03-29 20:06:21.812,rf.nn.train.agent.a4,93,2025-03-29T19:06:21.257244Z,a4,0.555693,1,0.9934756820877817,0.029915197196242964,0.8299284313667875,0.9986740591597104,0.8626920740743884
2025-03-29 20:06:22.347,rf.nn.train.agent.a4,93,2025-03-29T19:06:21.819085Z,a4,0.517917,2,0.9994068801897983,0.0022824098891760514,0.9998949800462087,0.9998100664767331,0.9998524171964525
2025-03-29 20:06:22.883,rf.nn.train.agent.a4,93,2025-03-29T19:06:22.347055Z,a4,0.535135,3,1.0,0.000699873504825793,1.0,1.0,1.0
2025-03-29 20:06:28.133,rf.nn.train.agent.a3,93,2025-03-29T19:06:25.527616Z,a3,2.589627,1,0.9820622015743967,0.07719223152044401,0.857198185842414,0.8596593187433837,0.856939577875227
2025-03-29 20:06:30.637,rf.nn.train.agent.a3,93,2025-03-29T19:06:28.135252Z,a3,2.481656,2,0.9858046199509615,0.06029984081219221,0.9611372389597634,0.9624226417309798,0.9616695392091601
2025-03-29 20:06:33.150,rf.nn.train.agent.a3,93,2025-03-29T19:06:30.637228Z,a3,2.500173,3,0.9934185056136275,0.02514198810264066,0.9912649652421395,0.979666326997529,0.985245885094804
2025-03-29 20:06:39.601,rf.nn.train.agent.a0,93,2025-03-29T19:06:36.007090Z,a0,3.563871,1,0.9874731017522287,0.050096254293564166,0.4916674602070203,0.4923930999478482,0.49202784715075654
2025-03-29 20:06:43.268,rf.nn.train.agent.a0,93,2025-03-29T19:06:39.602984Z,a0,3.639494,2,0.9845527205656317,0.06859922607345158,0.9795089803434506,0.9806185253374838,0.9800623156696433
2025-03-29 20:06:47.187,rf.nn.train.agent.a0,93,2025-03-29T19:06:43.272652Z,a0,3.884396,3,0.992775899169997,0.02608389425329996,0.8246642353920822,0.824444342101963,0.8245541498009302
2025-03-29 20:06:55.147,rf.nn.train.agent.a2,93,2025-03-29T19:06:50.278967Z,a2,4.839388,1,0.9990845715090486,0.003434953296013481,0.6637312841234156,0.6662551258614866,0.6649772562628635
2025-03-29 20:06:59.836,rf.nn.train.agent.a2,93,2025-03-29T19:06:55.151218Z,a2,4.65605,2,0.9882402647700866,0.04495333619474736,0.8469960379241053,0.8401959955768437,0.8433861731874358
2025-03-29 20:07:04.484,rf.nn.train.agent.a2,93,2025-03-29T19:06:59.841127Z,a2,4.612334,3,0.9925357369199352,0.030574308450145825,0.8299668243049597,0.8408748849569248,0.8353037587727282
2025-03-29 20:07:18.808,rf.nn.train.agent.a0,94,2025-03-29T19:07:15.415069Z,a0,3.366537,1,0.9992314786351061,0.0027445815469940927,0.5546872103566035,0.5552680801762706,0.5549767791070486
2025-03-29 20:07:22.504,rf.nn.train.agent.a0,94,2025-03-29T19:07:18.810945Z,a0,3.666167,2,0.9997694435905318,0.00210112215302577,0.9989183932682385,0.9988073062594893,0.9988628138735549
2025-03-29 20:07:26.481,rf.nn.train.agent.a0,94,2025-03-29T19:07:22.507026Z,a0,3.947908,3,0.9996925914540424,0.001422633152169728,0.9996820180993111,0.9987544521368678,0.9992170272154788
2025-03-29 20:07:30.970,rf.nn.train.agent.a1,94,2025-03-29T19:07:29.666965Z,a1,1.300354,1,0.9970149253731343,0.008213046132933931,0.7896415871697989,0.8261808389082974,0.806045082651265
2025-03-29 20:07:32.167,rf.nn.train.agent.a1,94,2025-03-29T19:07:30.970873Z,a1,1.18964,2,0.9994029850746269,0.0034838205117837867,0.9961582487685046,0.9961582487685046,0.9961582487685046
2025-03-29 20:07:33.339,rf.nn.train.agent.a1,94,2025-03-29T19:07:32.167047Z,a1,1.167623,3,0.9997014925373134,0.0013931542607358177,0.9962962962962962,0.9999318336741648,0.998096752149278
2025-03-29 20:07:39.973,rf.nn.train.agent.a2,94,2025-03-29T19:07:36.016328Z,a2,3.925598,1,0.9990845715090486,0.002619837486962531,0.661026544692143,0.6609007595776522,0.6609636287860705
2025-03-29 20:07:44.180,rf.nn.train.agent.a2,94,2025-03-29T19:07:39.979414Z,a2,4.168852,2,0.999929582423773,0.0006196480123280247,0.9999576235274176,0.9999509515401216,0.9999542812306208
2025-03-29 20:07:48.647,rf.nn.train.agent.a2,94,2025-03-29T19:07:44.183824Z,a2,4.428819,3,0.9995774945426379,0.001126840022926841,0.8569325346295422,0.8568960165262096,0.8569142670575175
2025-03-29 20:07:54.634,rf.nn.train.agent.a3,94,2025-03-29T19:07:51.887021Z,a3,2.732339,1,0.9979352174474125,0.0055644490148378896,0.9420606278566631,0.9992856622803584,0.9630284704503329
2025-03-29 20:07:57.271,rf.nn.train.agent.a3,94,2025-03-29T19:07:54.637044Z,a3,2.619844,2,1.0,0.0002757660248189865,1.0,1.0,1.0
2025-03-29 20:07:59.857,rf.nn.train.agent.a3,94,2025-03-29T19:07:57.272872Z,a3,2.571696,3,1.0,0.00010363866737152805,1.0,1.0,1.0
2025-03-29 20:08:03.348,rf.nn.train.agent.a4,94,2025-03-29T19:08:02.742607Z,a4,0.604512,1,0.9786476868327402,0.10107157198066455,0.6253231858381586,0.8623630820981815,0.6715004116246049
2025-03-29 20:08:03.774,rf.nn.train.agent.a4,94,2025-03-29T19:08:03.348974Z,a4,0.420989,2,0.9970344009489917,0.010858762214806085,0.9993044226348212,0.9992199608093648,0.9992620859822625
2025-03-29 20:08:04.201,rf.nn.train.agent.a4,94,2025-03-29T19:08:03.777258Z,a4,0.419714,3,0.9970344009489917,0.007148475313245416,0.9963228501943866,0.9993047750222144,0.9977930639604597
2025-03-29 20:08:16.767,rf.nn.train.agent.a3,95,2025-03-29T19:08:14.063171Z,a3,2.689938,1,0.9975480707188025,0.0071783797290734756,0.8508282910851467,0.898785757668484,0.8705951153616169
2025-03-29 20:08:19.386,rf.nn.train.agent.a3,95,2025-03-29T19:08:16.769141Z,a3,2.604668,2,0.999096657633243,0.0032808468643966203,0.9931561678898206,0.99054248989862,0.991606334305569
2025-03-29 20:08:21.812,rf.nn.train.agent.a3,95,2025-03-29T19:08:19.389853Z,a3,2.409713,3,0.9992257065427798,0.0028358469839724564,0.998718049406019,0.998705726515804,0.9987118825240245
2025-03-29 20:08:27.921,rf.nn.train.agent.a2,95,2025-03-29T19:08:24.343876Z,a2,3.547798,1,0.9995070769664108,0.0025015816777597833,0.7469134918024773,0.7497527761866072,0.748315191670134
2025-03-29 20:08:31.625,rf.nn.train.agent.a2,95,2025-03-29T19:08:27.924229Z,a2,3.671094,2,0.989296528413492,0.04178950714471866,0.981193459954209,0.9886743066760756,0.9848437536114152
2025-03-29 20:08:35.585,rf.nn.train.agent.a2,95,2025-03-29T19:08:31.628157Z,a2,3.925891,3,0.9933807478346596,0.02253512113496444,0.9915079060362811,0.9914826292811987,0.9914951749592191
2025-03-29 20:08:39.171,rf.nn.train.agent.a4,95,2025-03-29T19:08:38.535467Z,a4,0.633151,1,0.9952550415183867,0.01173809877602836,0.7969562250170614,0.8964836377750285,0.8224336569073412
2025-03-29 20:08:39.711,rf.nn.train.agent.a4,95,2025-03-29T19:08:39.173612Z,a4,0.534402,2,1.0,0.0007323436871476313,1.0,1.0,1.0
2025-03-29 20:08:40.241,rf.nn.train.agent.a4,95,2025-03-29T19:08:39.713273Z,a4,0.525655,3,0.9994068801897983,0.0011416226019127004,0.9998103905953736,0.9969135802469135,0.9983401691103064
2025-03-29 20:08:45.693,rf.nn.train.agent.a0,95,2025-03-29T19:08:42.535829Z,a0,3.129113,1,0.9960805410390409,0.012730419613729435,0.553260706315392,0.553838827813724,0.5535468016649063
2025-03-29 20:08:49.103,rf.nn.train.agent.a0,95,2025-03-29T19:08:45.695262Z,a0,3.381714,2,0.9902397786658469,0.036671302795764485,0.9883102402928964,0.9881043097943696,0.9882070270490926
2025-03-29 20:08:52.787,rf.nn.train.agent.a0,95,2025-03-29T19:08:49.106982Z,a0,3.660244,3,0.9904703350753151,0.03087216712060441,0.9876574530209801,0.9877861971837749,0.9877212091652507
2025-03-29 20:08:56.978,rf.nn.train.agent.a1,95,2025-03-29T19:08:55.767067Z,a1,1.207536,1,0.9961194029850746,0.018645590182017557,0.6770635628705316,0.712251332997126,0.692963613837759
2025-03-29 20:08:58.084,rf.nn.train.agent.a1,95,2025-03-29T19:08:56.982644Z,a1,1.094577,2,0.9997014925373134,0.00043503338889204187,0.9962962962962962,0.9994413407821229,0.997851120841775
2025-03-29 20:08:59.104,rf.nn.train.agent.a1,95,2025-03-29T19:08:58.088565Z,a1,1.011176,3,1.0,7.037630498064448e-05,1.0,1.0,1.0
2025-03-29 20:09:12.217,rf.nn.train.agent.a2,96,2025-03-29T19:09:07.801988Z,a2,4.385289,1,0.9995070769664108,0.0014655502551728275,0.6665689998032609,0.6664462205118803,0.6665075692129238
2025-03-29 20:09:16.505,rf.nn.train.agent.a2,96,2025-03-29T19:09:12.220087Z,a2,4.256718,2,0.9997183296950919,0.0004724104609382492,0.9998105511556394,0.9998105511556394,0.9998105511556394
2025-03-29 20:09:21.154,rf.nn.train.agent.a2,96,2025-03-29T19:09:16.507910Z,a2,4.61606,3,1.0,0.00020593763935279082,1.0,1.0,1.0
2025-03-29 20:09:27.398,rf.nn.train.agent.a3,96,2025-03-29T19:09:24.685981Z,a3,2.695905,1,0.9953542392566783,0.018319123634200178,0.9452701951799752,0.9958174710864939,0.9674738788113619
2025-03-29 20:09:29.999,rf.nn.train.agent.a3,96,2025-03-29T19:09:27.401729Z,a3,2.584148,2,0.999096657633243,0.0034102013218808833,0.9995757424906776,0.9986969990603711,0.9991333500550049
2025-03-29 20:09:32.484,rf.nn.train.agent.a3,96,2025-03-29T19:09:30.001922Z,a3,2.469205,3,0.9970318750806556,0.008170524278751003,0.9867325712009942,0.9811646839500673,0.9836924760566013
2025-03-29 20:09:36.101,rf.nn.train.agent.a4,96,2025-03-29T19:09:35.612641Z,a4,0.485798,1,0.9762752075919335,0.08431056129223369,0.5853794562846287,0.7927111483071748,0.6525904586460763
2025-03-29 20:09:36.500,rf.nn.train.agent.a4,96,2025-03-29T19:09:36.102437Z,a4,0.395194,2,0.9922894424673784,0.021620759573347897,0.9952278409937484,0.9582113455181889,0.9730157103103083
2025-03-29 20:09:36.935,rf.nn.train.agent.a4,96,2025-03-29T19:09:36.502628Z,a4,0.429144,3,0.9976275207591934,0.0061880887977613895,0.9994098943326316,0.9994098943326316,0.9994098943326316
2025-03-29 20:09:43.055,rf.nn.train.agent.a0,96,2025-03-29T19:09:39.065214Z,a0,3.963006,1,0.9990777743621273,0.0042177622864005065,0.7125257459715648,0.7136846177593604,0.7131017632982098
2025-03-29 20:09:47.086,rf.nn.train.agent.a0,96,2025-03-29T19:09:43.059069Z,a0,4.001252,2,0.9995388871810637,0.0014271082398889389,0.9995793471097689,0.9996865422492001,0.9996329019539376
2025-03-29 20:09:51.060,rf.nn.train.agent.a0,96,2025-03-29T19:09:47.089873Z,a0,3.945417,3,0.9983092529972333,0.005061298540250348,0.8321541414888246,0.8321158070696565,0.8321349386872195
2025-03-29 20:09:55.309,rf.nn.train.agent.a1,96,2025-03-29T19:09:54.101303Z,a1,1.203964,1,0.9946268656716418,0.01747406732414799,0.5876447245298341,0.7090108022106669,0.6024081384740992
2025-03-29 20:09:56.421,rf.nn.train.agent.a1,96,2025-03-29T19:09:55.313351Z,a1,1.10007,2,1.0,0.0007459240142473451,1.0,1.0,1.0
2025-03-29 20:09:57.487,rf.nn.train.agent.a1,96,2025-03-29T19:09:56.421374Z,a1,1.059786,3,0.9946268656716418,0.01997054071566261,0.8263582864367557,0.7816640708807161,0.8010202967866613
2025-03-29 20:10:07.504,rf.nn.train.agent.a1,97,2025-03-29T19:10:06.708663Z,a1,0.788404,1,0.9988059701492538,0.004913562685459148,0.683068783068783,0.7137406012890127,0.6968047120209082
2025-03-29 20:10:08.319,rf.nn.train.agent.a1,97,2025-03-29T19:10:07.506814Z,a1,0.804495,2,1.0,0.0001815417293551645,1.0,1.0,1.0
2025-03-29 20:10:09.167,rf.nn.train.agent.a1,97,2025-03-29T19:10:08.319631Z,a1,0.841886,3,1.0,2.444105058673683e-05,1.0,1.0,1.0
2025-03-29 20:10:15.970,rf.nn.train.agent.a0,97,2025-03-29T19:10:11.772051Z,a0,4.170652,1,0.9977712880418076,0.006631327872830156,0.6226894181764125,0.6232772506429531,0.6229823207272038
2025-03-29 20:10:20.076,rf.nn.train.agent.a0,97,2025-03-29T19:10:15.972037Z,a0,4.079424,2,0.992775899169997,0.026303610231361765,0.8239040198882411,0.8239452533503232,0.8239245378719319
2025-03-29 20:10:24.179,rf.nn.train.agent.a0,97,2025-03-29T19:10:20.083269Z,a0,4.068189,3,0.9866277282508453,0.047935247493612984,0.8164650039632768,0.8168932481139856,0.8166778602555116
2025-03-29 20:10:29.610,rf.nn.train.agent.a3,97,2025-03-29T19:10:27.056869Z,a3,2.540056,1,0.996386630532972,0.011997177743606275,0.8654978116725793,0.8965207382886391,0.8800141143698426
2025-03-29 20:10:32.086,rf.nn.train.agent.a3,97,2025-03-29T19:10:29.610583Z,a3,2.458053,2,0.9935475545231642,0.024520512604878676,0.9819433107729447,0.9826511685153179,0.9822443911973866
2025-03-29 20:10:34.562,rf.nn.train.agent.a3,97,2025-03-29T19:10:32.088595Z,a3,2.458555,3,0.9917408697896503,0.04239903683419743,0.9834337845726443,0.9856692874788706,0.9844297085776829
2025-03-29 20:10:41.747,rf.nn.train.agent.a2,97,2025-03-29T19:10:37.211273Z,a2,4.508377,1,0.9991549890852757,0.0031543269049090837,0.6612922537369452,0.6662879698198404,0.663728535636292
2025-03-29 20:10:46.237,rf.nn.train.agent.a2,97,2025-03-29T19:10:41.756928Z,a2,4.454873,2,0.9966903739173297,0.01352733208176579,0.9977770246697237,0.9937791849336913,0.9957529237608972
2025-03-29 20:10:50.797,rf.nn.train.agent.a2,97,2025-03-29T19:10:46.246965Z,a2,4.52002,3,0.9864798253644109,0.06491900412075526,0.835926024204363,0.8288411311936483,0.8321754790568886
2025-03-29 20:10:54.680,rf.nn.train.agent.a4,97,2025-03-29T19:10:54.109325Z,a4,0.567907,1,0.998220640569395,0.007895401898013178,0.825,0.8995635122787441,0.8521623934275718
2025-03-29 20:10:55.084,rf.nn.train.agent.a4,97,2025-03-29T19:10:54.683242Z,a4,0.39692,2,1.0,0.00044619252904803426,1.0,1.0,1.0
2025-03-29 20:10:55.489,rf.nn.train.agent.a4,97,2025-03-29T19:10:55.085160Z,a4,0.401003,3,1.0,0.0003348412529308951,1.0,1.0,1.0
2025-03-29 20:11:09.416,rf.nn.train.agent.a0,98,2025-03-29T19:11:05.175037Z,a0,4.214277,1,0.9990777743621273,0.003358198345278771,0.6230264269628304,0.624473987671494,0.6237434779139351
2025-03-29 20:11:13.541,rf.nn.train.agent.a0,98,2025-03-29T19:11:09.418548Z,a0,4.097082,2,0.9992314786351061,0.0033293592921570334,0.999480383528503,0.999373716952439,0.9994270004008158
2025-03-29 20:11:17.535,rf.nn.train.agent.a0,98,2025-03-29T19:11:13.544156Z,a0,3.96586,3,0.9995388871810637,0.0013637645708069628,0.9995771460193603,0.9996918113700441,0.9996344103422731
2025-03-29 20:11:21.180,rf.nn.train.agent.a4,98,2025-03-29T19:11:20.499692Z,a4,0.680326,1,0.99644128113879,0.020628231992579356,0.9073018887833703,0.9992844699246466,0.9202239168694883
2025-03-29 20:11:21.607,rf.nn.train.agent.a4,98,2025-03-29T19:11:21.180018Z,a4,0.423933,2,0.9994068801897983,0.0008812574968093066,0.9998103905953736,0.9998948806895827,0.9998525298075922
2025-03-29 20:11:22.056,rf.nn.train.agent.a4,98,2025-03-29T19:11:21.607013Z,a4,0.449967,3,1.0,0.00029925414040711605,1.0,1.0,1.0
2025-03-29 20:11:26.397,rf.nn.train.agent.a3,98,2025-03-29T19:11:24.200924Z,a3,2.183384,1,0.9983223641760227,0.0041723602847267135,0.8689637244564015,0.8992937522408913,0.882910675216011
2025-03-29 20:11:28.781,rf.nn.train.agent.a3,98,2025-03-29T19:11:26.399041Z,a3,2.36888,2,0.9994838043618531,0.0016105016769247713,0.9998754845961508,0.9993001722652886,0.9995870423476781
2025-03-29 20:11:31.307,rf.nn.train.agent.a3,98,2025-03-29T19:11:28.784238Z,a3,2.508954,3,0.999096657633243,0.00392459980011834,0.9911328443666593,0.9932415452292543,0.9921768204436313
2025-03-29 20:11:35.562,rf.nn.train.agent.a1,98,2025-03-29T19:11:34.239800Z,a1,1.318002,1,0.9970149253731343,0.010574296845420692,0.7109423500950373,0.7074543006470518,0.709184618111775
2025-03-29 20:11:36.787,rf.nn.train.agent.a1,98,2025-03-29T19:11:35.565811Z,a1,1.216409,2,0.9997014925373134,0.0005557298495593969,0.9994428969359331,0.9999318336741648,0.9996869709998887
2025-03-29 20:11:37.937,rf.nn.train.agent.a1,98,2025-03-29T19:11:36.789744Z,a1,1.143058,3,1.0,0.0001782367772992053,1.0,1.0,1.0
2025-03-29 20:11:45.480,rf.nn.train.agent.a2,98,2025-03-29T19:11:40.559282Z,a2,4.88936,1,0.9993662418139567,0.0022976966926180602,0.8474089096811585,0.8567706665909737,0.8519255668767262
2025-03-29 20:11:50.228,rf.nn.train.agent.a2,98,2025-03-29T19:11:45.483185Z,a2,4.71464,2,0.999859164847546,0.0007921261194833392,0.8571010860484545,0.8570642972679033,0.85708268317292
2025-03-29 20:11:54.904,rf.nn.train.agent.a2,98,2025-03-29T19:11:50.231682Z,a2,4.64232,3,0.9993662418139567,0.0024680394260823387,0.9956464776130879,0.9995723551142427,0.9975855085246028
2025-03-29 20:12:06.414,rf.nn.train.agent.a1,99,2025-03-29T19:12:05.547256Z,a1,0.861752,1,0.9943283582089553,0.018031799056399355,0.5903181131096912,0.7070160885523981,0.6163481578901753
2025-03-29 20:12:07.264,rf.nn.train.agent.a1,99,2025-03-29T19:12:06.416008Z,a1,0.843033,2,0.9949253731343284,0.024080292970815646,0.668347268727237,0.6707471694048417,0.6695352861190604
2025-03-29 20:12:08.162,rf.nn.train.agent.a1,99,2025-03-29T19:12:07.266048Z,a1,0.89099,3,0.9967164179104477,0.010909152015061974,0.8280954735904814,0.7890548935678661,0.8055842486695074
2025-03-29 20:12:14.496,rf.nn.train.agent.a0,99,2025-03-29T19:12:10.416977Z,a0,4.055736,1,0.9918536735321242,0.02702812826882976,0.49341701145181693,0.4948720466891657,0.49413518510759713
2025-03-29 20:12:18.722,rf.nn.train.agent.a0,99,2025-03-29T19:12:14.496973Z,a0,4.196771,2,0.9870888410697818,0.05762178259261636,0.8170816304017715,0.8174251257145818,0.8172519233661699
2025-03-29 20:12:22.880,rf.nn.train.agent.a0,99,2025-03-29T19:12:18.722231Z,a0,4.129423,3,0.9899323701198893,0.0390666065588086,0.9837941414736739,0.9860405139749446,0.9849064631096367
2025-03-29 20:12:26.747,rf.nn.train.agent.a4,99,2025-03-29T19:12:26.062110Z,a4,0.684966,1,0.994661921708185,0.023022418341600504,0.7577254557862922,0.8989195352109259,0.8015362210099053
2025-03-29 20:12:27.347,rf.nn.train.agent.a4,99,2025-03-29T19:12:26.747076Z,a4,0.595326,2,0.9988137603795967,0.003123585837801209,0.9442545109211776,0.9997049471663159,0.9627204449100647
2025-03-29 20:12:27.927,rf.nn.train.agent.a4,99,2025-03-29T19:12:27.347214Z,a4,0.575707,3,0.9994068801897983,0.002065470115590046,0.8887838689350976,0.8888888888888888,0.8888363540845811
2025-03-29 20:12:33.328,rf.nn.train.agent.a3,99,2025-03-29T19:12:30.666896Z,a3,2.64648,1,0.9984514130855594,0.0037494829645549977,0.858649077238551,0.8995024448895318,0.8758770481249026
2025-03-29 20:12:35.892,rf.nn.train.agent.a3,99,2025-03-29T19:12:33.330413Z,a3,2.548647,2,0.9998709510904633,0.0005612164504689136,0.9999596399886992,0.9994212962962963,0.9996897089888743
2025-03-29 20:12:38.455,rf.nn.train.agent.a3,99,2025-03-29T19:12:35.895547Z,a3,2.544667,3,0.9994838043618531,0.0007178820482754608,0.999542386187136,0.9985418920574995,0.9990388249645693
2025-03-29 20:12:46.266,rf.nn.train.agent.a2,99,2025-03-29T19:12:41.376815Z,a2,4.858205,1,0.9963382860361947,0.015645041310685222,0.5919403008621023,0.5985225599871706,0.5951109741339653
2025-03-29 20:12:51.056,rf.nn.train.agent.a2,99,2025-03-29T19:12:46.269335Z,a2,4.755258,2,0.991761143581438,0.041495241061712144,0.733087557560506,0.736949794224339,0.7349834922037952
2025-03-29 20:12:55.842,rf.nn.train.agent.a2,99,2025-03-29T19:12:51.059823Z,a2,4.749912,3,0.9939440884444758,0.02332977959595389,0.9958997300636141,0.9958979377456422,0.9958987841334145
2025-03-29 20:13:08.908,rf.nn.train.agent.a3,100,2025-03-29T19:13:06.847027Z,a3,2.048591,1,0.9939347012517744,0.016842583286573194,0.868455308504967,0.8944670619907769,0.8804210794545713
2025-03-29 20:13:11.053,rf.nn.train.agent.a3,100,2025-03-29T19:13:08.912191Z,a3,2.12745,2,0.9834817395793005,0.08408611781438724,0.9534583854278615,0.9720111538879601,0.9624161670253965
2025-03-29 20:13:13.299,rf.nn.train.agent.a3,100,2025-03-29T19:13:11.058039Z,a3,2.226193,3,0.9890308426893792,0.04695728243065689,0.980848386759159,0.9752571541825841,0.9779698986493194
2025-03-29 20:13:20.614,rf.nn.train.agent.a0,100,2025-03-29T19:13:16.084988Z,a0,4.50196,1,0.9986935136796803,0.004645584197560435,0.5536509194473438,0.5549444973674276,0.5542917548677767
2025-03-29 20:13:24.939,rf.nn.train.agent.a0,100,2025-03-29T19:13:20.617005Z,a0,4.2903,2,0.9999231478635106,0.00031909700489260033,0.9999478759447484,0.9990196078431373,0.9994825340843848
2025-03-29 20:13:29.219,rf.nn.train.agent.a0,100,2025-03-29T19:13:24.939080Z,a0,4.257922,3,0.9998462957270212,0.000853790841714512,0.8332892998678996,0.8332477018837028,0.8332684924655326
2025-03-29 20:13:33.157,rf.nn.train.agent.a4,100,2025-03-29T19:13:32.406848Z,a4,0.75043,1,0.9857651245551602,0.0632784393394859,0.601034524718011,0.8972714261455984,0.6720313659541234
2025-03-29 20:13:33.734,rf.nn.train.agent.a4,100,2025-03-29T19:13:33.162647Z,a4,0.567146,2,1.0,0.0015954268052189705,1.0,1.0,1.0
2025-03-29 20:13:34.299,rf.nn.train.agent.a4,100,2025-03-29T19:13:33.736912Z,a4,0.560392,3,1.0,0.0005454537313370274,1.0,1.0,1.0
2025-03-29 20:13:38.081,rf.nn.train.agent.a1,100,2025-03-29T19:13:36.807054Z,a1,1.269924,1,0.9952238805970149,0.014982712390751742,0.4822867624851209,0.6213893340142062,0.5195044813942049
2025-03-29 20:13:39.183,rf.nn.train.agent.a1,100,2025-03-29T19:13:38.086408Z,a1,1.091799,2,1.0,7.69195976146907e-05,1.0,1.0,1.0
2025-03-29 20:13:40.296,rf.nn.train.agent.a1,100,2025-03-29T19:13:39.183293Z,a1,1.108953,3,0.9997014925373134,0.0005626174628792753,0.8333333333333334,0.830188679245283,0.8317460317460318
2025-03-29 20:13:47.747,rf.nn.train.agent.a2,100,2025-03-29T19:13:42.926970Z,a2,4.790318,1,0.9980987254418703,0.005860938667935658,0.5906523878516539,0.5992374294112939,0.59473811074202
2025-03-29 20:13:52.411,rf.nn.train.agent.a2,100,2025-03-29T19:13:47.751801Z,a2,4.625148,2,0.9995070769664108,0.0019318022137581859,0.9996765319697279,0.9996632720835418,0.9996698840545247
2025-03-29 20:13:57.267,rf.nn.train.agent.a2,100,2025-03-29T19:13:52.413521Z,a2,4.823664,3,0.9993662418139567,0.0031062016321180075,0.9995737528734073,0.9995782801060589,0.9995759241269253
2025-03-29 20:14:09.253,rf.nn.train.agent.a1,101,2025-03-29T19:14:08.397001Z,a1,0.852587,1,0.9973134328358209,0.008078623811016681,0.7150045183768117,0.828916748919646,0.7441686280272402
2025-03-29 20:14:10.076,rf.nn.train.agent.a1,101,2025-03-29T19:14:09.256937Z,a1,0.812549,2,0.9997014925373134,0.0004586216857810619,0.9994428969359331,0.9999318336741648,0.9996869709998887
2025-03-29 20:14:10.963,rf.nn.train.agent.a1,101,2025-03-29T19:14:10.078011Z,a1,0.878773,3,0.9994029850746269,0.0018929311040357464,0.9962281299704612,0.9993731744562879,0.99778295451594
2025-03-29 20:14:18.020,rf.nn.train.agent.a2,101,2025-03-29T19:14:13.250426Z,a2,4.739407,1,0.9988733187803676,0.00349788305077455,0.746597543153114,0.7494370384297616,0.7479993376288484
2025-03-29 20:14:22.752,rf.nn.train.agent.a2,101,2025-03-29T19:14:18.024027Z,a2,4.694978,2,0.999929582423773,0.00024084142142189203,0.9999507486209614,0.9999512528029638,0.9999509935079223
2025-03-29 20:14:27.477,rf.nn.train.agent.a2,101,2025-03-29T19:14:22.757250Z,a2,4.689718,3,0.9943665939018379,0.019634781028711933,0.9864588728981114,0.9921830811240829,0.9892705027304519
2025-03-29 20:14:31.513,rf.nn.train.agent.a4,101,2025-03-29T19:14:30.781384Z,a4,0.72968,1,0.9988137603795967,0.004844763058123512,0.9414414414414414,0.9997049471663159,0.9612932604188712
2025-03-29 20:14:32.076,rf.nn.train.agent.a4,101,2025-03-29T19:14:31.516989Z,a4,0.556313,2,1.0,0.0005225991958211108,1.0,1.0,1.0
2025-03-29 20:14:32.637,rf.nn.train.agent.a4,101,2025-03-29T19:14:32.076812Z,a4,0.560313,3,1.0,0.0003182761978214845,1.0,1.0,1.0
2025-03-29 20:14:37.844,rf.nn.train.agent.a3,101,2025-03-29T19:14:35.151899Z,a3,2.67877,1,0.9987095109046329,0.0040585785955235786,0.8721131709681329,0.898718287526427,0.8831729789911712
2025-03-29 20:14:40.440,rf.nn.train.agent.a3,101,2025-03-29T19:14:37.846919Z,a3,2.579913,2,0.9998709510904633,0.00034274279723780105,0.9999596399886992,0.9978213507625272,0.998879706317589
2025-03-29 20:14:43.059,rf.nn.train.agent.a3,101,2025-03-29T19:14:40.440254Z,a3,2.606591,3,0.9998709510904633,0.0005282099556039806,0.9999719487222644,0.9999596253229974,0.9999657815835162
2025-03-29 20:14:50.500,rf.nn.train.agent.a0,101,2025-03-29T19:14:45.978317Z,a0,4.494915,1,0.9978481401782969,0.007485248641698886,0.49783154641573574,0.49853604917116,0.49818139333095157
2025-03-29 20:14:54.914,rf.nn.train.agent.a0,101,2025-03-29T19:14:50.500038Z,a0,4.38726,2,0.994543498309253,0.02186248222677135,0.8246206962116053,0.82606435090721,0.8253383241317555
2025-03-29 20:14:59.308,rf.nn.train.agent.a0,101,2025-03-29T19:14:54.917117Z,a0,4.369952,3,0.9863971718413772,0.05929660205197066,0.9731916086923136,0.974987168196507,0.9740778934027701
2025-03-29 20:15:11.257,rf.nn.train.agent.a1,102,2025-03-29T19:15:10.064826Z,a1,1.185149,1,0.9928358208955224,0.03611050902094503,0.5001754009829311,0.6137942844903322,0.5421766038350375
2025-03-29 20:15:12.393,rf.nn.train.agent.a1,102,2025-03-29T19:15:11.258625Z,a1,1.130577,2,0.9961194029850746,0.02185032865484825,0.9924113754185353,0.9897410290363255,0.9910570423265526
2025-03-29 20:15:13.549,rf.nn.train.agent.a1,102,2025-03-29T19:15:12.396928Z,a1,1.147739,3,0.9967164179104477,0.012302045170267657,0.9834536014312661,0.9344966624223483,0.9554021500474708
2025-03-29 20:15:18.936,rf.nn.train.agent.a3,102,2025-03-29T19:15:16.167231Z,a3,2.760689,1,0.9974190218092657,0.006908324648405031,0.8557519744386823,0.8968204030174209,0.8732218941982138
2025-03-29 20:15:21.600,rf.nn.train.agent.a3,102,2025-03-29T19:15:18.936930Z,a3,2.6502,2,0.998193315266486,0.0109203241356021,0.995473575639579,0.9983419676467938,0.9968902556883807
2025-03-29 20:15:24.244,rf.nn.train.agent.a3,102,2025-03-29T19:15:21.600571Z,a3,2.628529,3,0.9989676087237063,0.00228433678529936,0.9953816551978671,0.9984897509708812,0.9969220736666807
2025-03-29 20:15:27.819,rf.nn.train.agent.a4,102,2025-03-29T19:15:27.198834Z,a4,0.618065,1,0.9988137603795967,0.005645425458255285,0.8888888888888888,0.9997897613791653,0.9258207070707071
2025-03-29 20:15:28.257,rf.nn.train.agent.a4,102,2025-03-29T19:15:27.819987Z,a4,0.428936,2,0.9988137603795967,0.00458954295162636,0.99680706347373,0.9997049471663159,0.9982354119318811
2025-03-29 20:15:28.693,rf.nn.train.agent.a4,102,2025-03-29T19:15:28.257127Z,a4,0.430344,3,0.9994068801897983,0.000817141634883537,0.9998949800462087,0.9998100664767331,0.9998524171964525
2025-03-29 20:15:36.160,rf.nn.train.agent.a2,102,2025-03-29T19:15:31.091829Z,a2,5.037249,1,0.9989437363565946,0.0035699125976370225,0.6637973521397489,0.6661847404394486,0.6649749992230343
2025-03-29 20:15:41.207,rf.nn.train.agent.a2,102,2025-03-29T19:15:36.168950Z,a2,5.012874,2,0.9935215829871136,0.02446202729141263,0.8500116819755261,0.8499649689261348,0.8499882863176792
2025-03-29 20:15:46.278,rf.nn.train.agent.a2,102,2025-03-29T19:15:41.215166Z,a2,5.034256,3,0.9882402647700866,0.05285172335249138,0.9716072636700092,0.98614918247794,0.9786694790255
2025-03-29 20:15:54.726,rf.nn.train.agent.a0,102,2025-03-29T19:15:50.087130Z,a0,4.612086,1,0.998616661543191,0.004047205367749686,0.6230820228842022,0.6231168628363349,0.6230992994751656
2025-03-29 20:15:59.307,rf.nn.train.agent.a0,102,2025-03-29T19:15:54.731523Z,a0,4.550683,2,0.9998462957270212,0.00044832710668672943,0.999895035786228,0.9996766370250606,0.9997856987082263
2025-03-29 20:16:03.891,rf.nn.train.agent.a0,102,2025-03-29T19:15:59.307170Z,a0,4.551043,3,0.9999231478635106,0.00022092661896454935,0.9999471598414795,0.9998383185125302,0.9998927029970985
2025-03-29 20:16:14.997,rf.nn.train.agent.a4,103,2025-03-29T19:16:14.267141Z,a4,0.72565,1,0.9792408066429419,0.0637175164357479,0.6624318666458626,0.8957727482230794,0.7104782342121398
2025-03-29 20:16:15.614,rf.nn.train.agent.a4,103,2025-03-29T19:16:15.000638Z,a4,0.609076,2,0.99644128113879,0.012317808422565421,0.8880886882458539,0.8881088496982537,0.8880985890313171
2025-03-29 20:16:16.229,rf.nn.train.agent.a4,103,2025-03-29T19:16:15.616909Z,a4,0.610234,3,0.9958481613285883,0.01282520933207981,0.9990091439291273,0.9989249079756806,0.9989669203751679
2025-03-29 20:16:20.227,rf.nn.train.agent.a1,103,2025-03-29T19:16:18.967505Z,a1,1.256125,1,0.993731343283582,0.027369356932910812,0.4868958060390766,0.5474945999165667,0.5078582936915657
2025-03-29 20:16:21.407,rf.nn.train.agent.a1,103,2025-03-29T19:16:20.232040Z,a1,1.165193,2,0.9973134328358209,0.01153124982125246,0.7952238957561946,0.8250114119497214,0.8082507926066208
2025-03-29 20:16:22.590,rf.nn.train.agent.a1,103,2025-03-29T19:16:21.407136Z,a1,1.179244,3,0.9997014925373134,0.001192717850428088,0.8333333333333334,0.830188679245283,0.8317460317460318
2025-03-29 20:16:29.786,rf.nn.train.agent.a2,103,2025-03-29T19:16:25.763095Z,a2,3.994132,1,0.9995774945426379,0.0016593613362750662,0.6666055476417576,0.6664790644702341,0.6665422922069335
2025-03-29 20:16:34.266,rf.nn.train.agent.a2,103,2025-03-29T19:16:29.793592Z,a2,4.443112,2,0.999929582423773,0.00025503276993940643,0.996031746031746,0.9999507340624693,0.9979673312614835
2025-03-29 20:16:39.091,rf.nn.train.agent.a2,103,2025-03-29T19:16:34.268852Z,a2,4.788143,3,1.0,0.00013032558710261548,1.0,1.0,1.0
2025-03-29 20:16:45.588,rf.nn.train.agent.a3,103,2025-03-29T19:16:42.571293Z,a3,3.002206,1,0.9932894567040909,0.021568404061183946,0.8628149418907558,0.8912383192650001,0.876265300490509
2025-03-29 20:16:48.433,rf.nn.train.agent.a3,103,2025-03-29T19:16:45.592360Z,a3,2.827442,2,0.991869918699187,0.03968472297416654,0.9773277308195057,0.977068257118003,0.9771918933722201
2025-03-29 20:16:51.239,rf.nn.train.agent.a3,103,2025-03-29T19:16:48.436971Z,a3,2.788645,3,0.9887727448703059,0.053238419008831674,0.9615372616539033,0.9732722069308488,0.9671099892587844
2025-03-29 20:16:59.430,rf.nn.train.agent.a0,103,2025-03-29T19:16:54.544346Z,a0,4.859974,1,0.9875499538887181,0.04441281858858577,0.4913907660916673,0.49186569754986315,0.49162575970134226
2025-03-29 20:17:04.180,rf.nn.train.agent.a0,103,2025-03-29T19:16:59.433810Z,a0,4.721338,2,0.994543498309253,0.019258058760506038,0.9921497684409385,0.9942939291741327,0.9932166067583479
2025-03-29 20:17:08.731,rf.nn.train.agent.a0,103,2025-03-29T19:17:04.183507Z,a0,4.519294,3,0.9920842299415924,0.029695586183169222,0.9875903529345862,0.9880566849609155,0.9878218210727748
2025-03-29 20:17:21.757,rf.nn.train.agent.a3,104,2025-03-29T19:17:19.663289Z,a3,2.081289,1,0.9975480707188025,0.007174963809139007,0.871416000388234,0.8973744904029038,0.8836682881547515
2025-03-29 20:17:23.866,rf.nn.train.agent.a3,104,2025-03-29T19:17:21.760105Z,a3,2.098612,2,0.9998709510904633,0.0008141055476244523,0.9988179669030733,0.9999596253229974,0.9993856319283092
2025-03-29 20:17:26.117,rf.nn.train.agent.a3,104,2025-03-29T19:17:23.875548Z,a3,2.22235,3,0.9998709510904633,0.00038338197932957807,0.9999596399886992,0.9999719416386083,0.9999657853763095
2025-03-29 20:17:29.663,rf.nn.train.agent.a4,104,2025-03-29T19:17:28.941699Z,a4,0.72168,1,0.9994068801897983,0.002881671251020205,0.9444444444444444,0.9998948806895827,0.9629103784333315
2025-03-29 20:17:30.296,rf.nn.train.agent.a4,104,2025-03-29T19:17:29.666975Z,a4,0.619952,2,1.0,0.0008308918934933488,1.0,1.0,1.0
2025-03-29 20:17:30.901,rf.nn.train.agent.a4,104,2025-03-29T19:17:30.296801Z,a4,0.602159,3,1.0,0.0002483938483146416,1.0,1.0,1.0
2025-03-29 20:17:37.307,rf.nn.train.agent.a0,104,2025-03-29T19:17:33.849752Z,a0,3.429226,1,0.9982324008607439,0.005452259345841575,0.5532981164846248,0.5547082553555751,0.5539972182239297
2025-03-29 20:17:41.095,rf.nn.train.agent.a0,104,2025-03-29T19:17:37.309369Z,a0,3.759603,2,0.999615739317553,0.0011755216085416198,0.9996313980031332,0.9996320865541739,0.9996317353906516
2025-03-29 20:17:45.325,rf.nn.train.agent.a0,104,2025-03-29T19:17:41.099332Z,a0,4.199496,3,0.9990777743621273,0.0038005626673695,0.9989390689900036,0.9981184324790858,0.998527486222736
2025-03-29 20:17:53.741,rf.nn.train.agent.a2,104,2025-03-29T19:17:48.619396Z,a2,5.09071,1,0.9985916484754594,0.0062718778131733086,0.6570424157077039,0.659422633223774,0.658216923852049
2025-03-29 20:17:58.699,rf.nn.train.agent.a2,104,2025-03-29T19:17:53.743796Z,a2,4.923144,2,0.9925357369199352,0.029158094665999033,0.8378883800586386,0.845962585787155,0.8418626197422929
2025-03-29 20:18:03.664,rf.nn.train.agent.a2,104,2025-03-29T19:17:58.701201Z,a2,4.928963,3,0.9906344623618055,0.04206984535099755,0.8398721362294566,0.8413811976798486,0.8405629059599786
2025-03-29 20:18:08.411,rf.nn.train.agent.a1,104,2025-03-29T19:18:07.083066Z,a1,1.322401,1,0.997910447761194,0.005053355899053713,0.6138040405025725,0.7135945305907948,0.6398412788656691
2025-03-29 20:18:09.552,rf.nn.train.agent.a1,104,2025-03-29T19:18:08.413137Z,a1,1.135321,2,1.0,0.0001694848084741164,1.0,1.0,1.0
2025-03-29 20:18:10.711,rf.nn.train.agent.a1,104,2025-03-29T19:18:09.554701Z,a1,1.15089,3,1.0,0.00012885673455158246,1.0,1.0,1.0
2025-03-29 20:18:21.827,rf.nn.train.agent.a1,105,2025-03-29T19:18:20.799938Z,a1,1.024061,1,0.9913432835820896,0.039213620034148446,0.4747843717017446,0.6163736896017218,0.5173476659384123
2025-03-29 20:18:22.687,rf.nn.train.agent.a1,105,2025-03-29T19:18:21.831362Z,a1,0.849437,2,0.9976119402985074,0.008357443586007532,0.9910628464495849,0.9910628464495849,0.9910628464495849
2025-03-29 20:18:23.593,rf.nn.train.agent.a1,105,2025-03-29T19:18:22.691399Z,a1,0.895447,3,0.9988059701492538,0.002998045910001899,0.9987494612201961,0.9955314232247924,0.997122085359886
2025-03-29 20:18:26.550,rf.nn.train.agent.a4,105,2025-03-29T19:18:25.988250Z,a4,0.55877,1,0.9887307236061684,0.028092170562232704,0.6858382698271149,0.994597361595154,0.7633851952349444
2025-03-29 20:18:27.097,rf.nn.train.agent.a4,105,2025-03-29T19:18:26.552865Z,a4,0.538261,2,0.9922894424673784,0.02171666309096028,0.9427554361405591,0.9979549352617786,0.9610951016425768
2025-03-29 20:18:27.636,rf.nn.train.agent.a4,105,2025-03-29T19:18:27.098806Z,a4,0.52977,3,0.9970344009489917,0.009886652664972472,0.8969365559519252,0.8992979647284283,0.8980984564741256
2025-03-29 20:18:33.116,rf.nn.train.agent.a3,105,2025-03-29T19:18:30.227025Z,a3,2.876813,1,0.9980642663569493,0.0065783573498891445,0.8605430771636383,0.8898019309901464,0.8740273334410953
2025-03-29 20:18:35.868,rf.nn.train.agent.a3,105,2025-03-29T19:18:33.121068Z,a3,2.73491,2,1.0,0.0003512354920841926,1.0,1.0,1.0
2025-03-29 20:18:38.624,rf.nn.train.agent.a3,105,2025-03-29T19:18:35.868768Z,a3,2.740901,3,0.9998709510904633,0.00036052846325054344,0.9994242947610823,0.9999719416386083,0.9996973687591191
2025-03-29 20:18:45.672,rf.nn.train.agent.a0,105,2025-03-29T19:18:42.012637Z,a0,3.634363,1,0.995696280356594,0.011604211897418242,0.4962225423908545,0.497077325168807,0.4966442317996673
2025-03-29 20:18:49.630,rf.nn.train.agent.a0,105,2025-03-29T19:18:45.676721Z,a0,3.922338,2,0.9878573624346757,0.05180478467634651,0.8206138946338898,0.8182357108834712,0.819415569797575
2025-03-29 20:18:53.930,rf.nn.train.agent.a0,105,2025-03-29T19:18:49.632594Z,a0,4.269061,3,0.9922379342145712,0.029357887443596773,0.9907240324062283,0.990331179101054,0.9905254431762117
2025-03-29 20:19:02.517,rf.nn.train.agent.a2,105,2025-03-29T19:18:57.343557Z,a2,5.137824,1,0.9992958242377298,0.0020710881914192984,0.6575736540044647,0.6663485252759132,0.6618659218540754
2025-03-29 20:19:07.561,rf.nn.train.agent.a2,105,2025-03-29T19:19:02.517223Z,a2,5.017229,2,0.999929582423773,0.00019235871231190475,0.9999507486209614,0.9999576127500848,0.9999541743510768
2025-03-29 20:19:12.633,rf.nn.train.agent.a2,105,2025-03-29T19:19:07.570288Z,a2,5.026949,3,0.999859164847546,0.0005308289489282479,0.8571065344520722,0.8570585876593635,0.8570825525319586
2025-03-29 20:19:28.436,rf.nn.train.agent.a0,106,2025-03-29T19:19:23.997210Z,a0,4.409883,1,0.9990009222256379,0.00272483833385955,0.7116046576204865,0.7136500562809784,0.7126196408578634
2025-03-29 20:19:33.050,rf.nn.train.agent.a0,106,2025-03-29T19:19:28.437141Z,a0,4.580784,2,0.9983092529972333,0.005242881403193595,0.998202084359144,0.9984234390394097,0.9983126120586985
2025-03-29 20:19:37.713,rf.nn.train.agent.a0,106,2025-03-29T19:19:33.050960Z,a0,4.630668,3,0.9980018444512757,0.005869912763184191,0.99659575808725,0.9981047127312757,0.9973451884129754
2025-03-29 20:19:42.447,rf.nn.train.agent.a4,106,2025-03-29T19:19:41.647113Z,a4,0.798301,1,1.0,0.0026695125591188872,1.0,1.0,1.0
2025-03-29 20:19:43.057,rf.nn.train.agent.a4,106,2025-03-29T19:19:42.447902Z,a4,0.607748,2,1.0,0.00035424722127229543,1.0,1.0,1.0
2025-03-29 20:19:43.661,rf.nn.train.agent.a4,106,2025-03-29T19:19:43.059890Z,a4,0.597025,3,1.0,0.00032172598686781194,1.0,1.0,1.0
2025-03-29 20:19:51.447,rf.nn.train.agent.a2,106,2025-03-29T19:19:46.260325Z,a2,5.15723,1,0.9986620660516865,0.004834848083618546,0.7464823797957321,0.7493269681810593,0.7478867025466347
2025-03-29 20:19:56.543,rf.nn.train.agent.a2,106,2025-03-29T19:19:51.450251Z,a2,5.058886,2,0.9948595169354271,0.017446863641990357,0.6580072168408448,0.6643251002785069,0.6611165677171446
2025-03-29 20:20:01.639,rf.nn.train.agent.a2,106,2025-03-29T19:19:56.545450Z,a2,5.064858,3,0.9873952538553623,0.057190892286963585,0.8341532377004098,0.8261000695047411,0.8300634792537103
2025-03-29 20:20:06.461,rf.nn.train.agent.a1,106,2025-03-29T19:20:05.099197Z,a1,1.356577,1,0.9955223880597015,0.017715041468765083,0.5656361250398312,0.7121539525316473,0.599161684394185
2025-03-29 20:20:07.661,rf.nn.train.agent.a1,106,2025-03-29T19:20:06.463281Z,a1,1.192056,2,0.9997014925373134,0.0013791180335112592,0.9994428969359331,0.9999318336741648,0.9996869709998887
2025-03-29 20:20:08.877,rf.nn.train.agent.a1,106,2025-03-29T19:20:07.664034Z,a1,1.207081,3,1.0,9.862891168518826e-05,1.0,1.0,1.0
2025-03-29 20:20:14.412,rf.nn.train.agent.a3,106,2025-03-29T19:20:12.260148Z,a3,2.138213,1,0.9935475545231642,0.027281676202633835,0.8562083717545667,0.8958966110895746,0.8742199899182719
2025-03-29 20:20:16.729,rf.nn.train.agent.a3,106,2025-03-29T19:20:14.415529Z,a3,2.299628,2,0.988256549232159,0.05029083426931241,0.9742313752484493,0.9705748569553967,0.972323852965431
2025-03-29 20:20:19.174,rf.nn.train.agent.a3,106,2025-03-29T19:20:16.732721Z,a3,2.42671,3,0.987353206865402,0.0629450976087125,0.9778962506080526,0.9743761003724288,0.9761128806302012
2025-03-29 20:20:34.805,rf.nn.train.agent.a0,107,2025-03-29T19:20:29.827108Z,a0,4.949934,1,0.9952351675376575,0.01758598714528183,0.5503071110892148,0.5522495526286076,0.5512679423352311
2025-03-29 20:20:39.611,rf.nn.train.agent.a0,107,2025-03-29T19:20:34.809530Z,a0,4.77366,2,0.9942360897632955,0.018996434181228584,0.825920179315649,0.8247591024707664,0.8253381966098887
2025-03-29 20:20:44.593,rf.nn.train.agent.a0,107,2025-03-29T19:20:39.613883Z,a0,4.950187,3,0.991623117122656,0.03170539465328774,0.8242170247266561,0.8250236196809554,0.8246192911027542
2025-03-29 20:20:53.443,rf.nn.train.agent.a2,107,2025-03-29T19:20:48.209518Z,a2,5.199567,1,0.9994366593901838,0.0031880775292355027,0.744117453550943,0.7497208226409315,0.7468498946571225
2025-03-29 20:20:58.659,rf.nn.train.agent.a2,107,2025-03-29T19:20:53.447226Z,a2,5.177817,2,0.999788747271319,0.0005746041712727753,0.8570586000281594,0.8570225139561581,0.8570405485344292
2025-03-29 20:21:04.122,rf.nn.train.agent.a2,107,2025-03-29T19:20:58.662888Z,a2,5.428134,3,0.999788747271319,0.0004816992208636633,0.999859595825749,0.9998527209279023,0.9998561520426746
2025-03-29 20:21:08.780,rf.nn.train.agent.a1,107,2025-03-29T19:21:07.709317Z,a1,1.065881,1,0.9958208955223881,0.014009710839763842,0.5122142906487243,0.5536628927656106,0.5291492903651567
2025-03-29 20:21:09.682,rf.nn.train.agent.a1,107,2025-03-29T19:21:08.782704Z,a1,0.893017,2,0.9997014925373134,0.0005615791435823861,0.9999318568994889,0.95,0.9713944940729743
2025-03-29 20:21:10.795,rf.nn.train.agent.a1,107,2025-03-29T19:21:09.684150Z,a1,1.105517,3,0.9991044776119403,0.0028097482609177327,0.9956011224632764,0.9960900824426695,0.9958452081497932
2025-03-29 20:21:14.028,rf.nn.train.agent.a4,107,2025-03-29T19:21:13.349368Z,a4,0.676086,1,0.9875444839857651,0.04063276923892223,0.6879519949833369,0.8975552482837251,0.7297751211319892
2025-03-29 20:21:14.705,rf.nn.train.agent.a4,107,2025-03-29T19:21:14.030978Z,a4,0.671716,2,0.9988137603795967,0.008935831551166796,0.9997901584303851,0.9996201329534663,0.9997047212943061
2025-03-29 20:21:15.375,rf.nn.train.agent.a4,107,2025-03-29T19:21:14.708205Z,a4,0.663557,3,1.0,0.0009945583403816083,1.0,1.0,1.0
2025-03-29 20:21:21.223,rf.nn.train.agent.a3,107,2025-03-29T19:21:18.175889Z,a3,3.033804,1,0.999096657633243,0.0050929161863126895,0.8895299632283417,0.898643859030946,0.8939434064804292
2025-03-29 20:21:23.979,rf.nn.train.agent.a3,107,2025-03-29T19:21:21.225386Z,a3,2.740636,2,0.9998709510904633,0.0003783279308462917,0.9,0.8999747474747475,0.8999873721429473
2025-03-29 20:21:26.937,rf.nn.train.agent.a3,107,2025-03-29T19:21:23.982616Z,a3,2.942566,3,0.9998709510904633,0.001591396428941144,0.9920634920634921,0.9999719416386083,0.9958707427102707
2025-03-29 20:21:42.061,rf.nn.train.agent.a2,108,2025-03-29T19:21:38.141963Z,a2,3.889019,1,0.9993662418139567,0.0016748794852484935,0.6612537887733654,0.6637087718840937,0.6624657040080232
2025-03-29 20:21:46.469,rf.nn.train.agent.a2,108,2025-03-29T19:21:42.064051Z,a2,4.3751,2,0.9960566157312866,0.015002140332545752,0.8549019910662597,0.8548706185052433,0.8548862677694699
2025-03-29 20:21:51.282,rf.nn.train.agent.a2,108,2025-03-29T19:21:46.472368Z,a2,4.778645,3,0.989437363565946,0.046596536059320716,0.8394188238367892,0.8475667161796009,0.8434294741157407
2025-03-29 20:21:56.125,rf.nn.train.agent.a1,108,2025-03-29T19:21:54.809988Z,a1,1.310115,1,0.9961194029850746,0.016370839077934428,0.601608015941493,0.7099549575058521,0.6421079206386722
2025-03-29 20:21:57.326,rf.nn.train.agent.a1,108,2025-03-29T19:21:56.127104Z,a1,1.194193,2,0.9997014925373134,0.0009414828440217243,0.9994428969359331,0.9999318336741648,0.9996869709998887
2025-03-29 20:21:58.527,rf.nn.train.agent.a1,108,2025-03-29T19:21:57.329021Z,a1,1.193048,3,0.9991044776119403,0.002725289336976185,0.8332197614991482,0.8323454293653422,0.8327812865363104
2025-03-29 20:22:04.210,rf.nn.train.agent.a3,108,2025-03-29T19:22:01.408866Z,a3,2.788041,1,0.9997419021809266,0.0024856131285265516,0.9999315669616057,0.9999315669616057,0.9999315669616057
2025-03-29 20:22:06.858,rf.nn.train.agent.a3,108,2025-03-29T19:22:04.213022Z,a3,2.632636,2,0.9997419021809266,0.0015577300020111267,0.999919309287501,0.9999438832772165,0.999931574540073
2025-03-29 20:22:09.525,rf.nn.train.agent.a3,108,2025-03-29T19:22:06.860243Z,a3,2.652088,3,0.9994838043618531,0.0021840595941588353,0.9943356882833192,0.9892182254927353,0.9915239898274086
2025-03-29 20:22:17.307,rf.nn.train.agent.a0,108,2025-03-29T19:22:12.597358Z,a0,4.677929,1,0.9978481401782969,0.008182819335008182,0.6216568737399917,0.6233074390685909,0.6224752510755891
2025-03-29 20:22:22.070,rf.nn.train.agent.a0,108,2025-03-29T19:22:17.309978Z,a0,4.734754,2,1.0,0.00019198639118991241,1.0,1.0,1.0
2025-03-29 20:22:26.814,rf.nn.train.agent.a0,108,2025-03-29T19:22:22.073393Z,a0,4.707851,3,0.999615739317553,0.0010821812256226393,0.9988197666297787,0.9995217416421254,0.9991694007639381
2025-03-29 20:22:31.278,rf.nn.train.agent.a4,108,2025-03-29T19:22:30.450916Z,a4,0.820401,1,1.0,0.0003357689626879602,1.0,1.0,1.0
2025-03-29 20:22:31.970,rf.nn.train.agent.a4,108,2025-03-29T19:22:31.282238Z,a4,0.684972,2,1.0,0.0006309255276615007,1.0,1.0,1.0
2025-03-29 20:22:32.572,rf.nn.train.agent.a4,108,2025-03-29T19:22:31.972307Z,a4,0.597246,3,1.0,0.00035610079551176723,1.0,1.0,1.0
2025-03-29 20:22:43.773,rf.nn.train.agent.a4,109,2025-03-29T19:22:43.113895Z,a4,0.655234,1,0.9958481613285883,0.015692037546374056,0.802173458539076,0.9961132359587105,0.8693811375191864
2025-03-29 20:22:44.385,rf.nn.train.agent.a4,109,2025-03-29T19:22:43.775138Z,a4,0.605973,2,1.0,0.0009263175558583,1.0,1.0,1.0
2025-03-29 20:22:45.001,rf.nn.train.agent.a4,109,2025-03-29T19:22:44.388061Z,a4,0.611163,3,1.0,0.00040440654977845833,1.0,1.0,1.0
2025-03-29 20:22:48.848,rf.nn.train.agent.a1,109,2025-03-29T19:22:47.691499Z,a1,1.151697,1,0.9976119402985074,0.00799541639460645,0.7767303441335592,0.8316526589309946,0.7986355786867296
2025-03-29 20:22:49.733,rf.nn.train.agent.a1,109,2025-03-29T19:22:48.850888Z,a1,0.876116,2,1.0,0.00044826589992777736,1.0,1.0,1.0
2025-03-29 20:22:50.664,rf.nn.train.agent.a1,109,2025-03-29T19:22:49.735110Z,a1,0.923587,3,1.0,5.1498690592619684e-05,1.0,1.0,1.0
2025-03-29 20:22:58.667,rf.nn.train.agent.a2,109,2025-03-29T19:22:53.223100Z,a2,5.413753,1,0.9994366593901838,0.0018946020144073041,0.6600961269209826,0.6664096274008772,0.6632033050074343
2025-03-29 20:23:03.888,rf.nn.train.agent.a2,109,2025-03-29T19:22:58.670941Z,a2,5.186333,2,0.999929582423773,0.0003593496894026494,0.9999576235274176,0.9959349593495935,0.9979211959009938
2025-03-29 20:23:09.220,rf.nn.train.agent.a2,109,2025-03-29T19:23:03.891436Z,a2,5.298721,3,1.0,6.846147807100185e-05,1.0,1.0,1.0
2025-03-29 20:23:16.716,rf.nn.train.agent.a0,109,2025-03-29T19:23:12.869575Z,a0,3.817436,1,0.9942360897632955,0.018651396373213485,0.4956278069250814,0.49750833410425177,0.49655322345789416
2025-03-29 20:23:20.886,rf.nn.train.agent.a0,109,2025-03-29T19:23:16.719260Z,a0,4.138926,2,0.9866277282508453,0.05575275881316238,0.8210847562961708,0.8217107706415571,0.8213967163178468
2025-03-29 20:23:25.444,rf.nn.train.agent.a0,109,2025-03-29T19:23:20.891157Z,a0,4.525757,3,0.9892407008914847,0.04636741467711394,0.9848137265284034,0.9829165846697381,0.9838603016484223
2025-03-29 20:23:31.969,rf.nn.train.agent.a3,109,2025-03-29T19:23:29.032538Z,a3,2.924473,1,0.9926442121564073,0.023205253983325312,0.8611938460416075,0.8857480973650971,0.8727811895399045
2025-03-29 20:23:34.701,rf.nn.train.agent.a3,109,2025-03-29T19:23:31.971856Z,a3,2.716214,2,0.9876113046844754,0.05377369805036222,0.9579673768716445,0.9714649142288777,0.9642226687623874
2025-03-29 20:23:37.395,rf.nn.train.agent.a3,109,2025-03-29T19:23:34.705205Z,a3,2.673609,3,0.9905794296038198,0.043629849377857875,0.9757820845703389,0.9791967052657442,0.9771902383794746
2025-03-29 20:23:48.775,rf.nn.train.agent.a4,110,2025-03-29T19:23:48.314472Z,a4,0.457739,1,0.9970344009489917,0.010324091035521255,0.7999051233396585,0.8994506303115575,0.8330109355627243
2025-03-29 20:23:49.219,rf.nn.train.agent.a4,110,2025-03-29T19:23:48.776833Z,a4,0.442568,2,1.0,0.0005911544092428676,1.0,1.0,1.0
2025-03-29 20:23:49.679,rf.nn.train.agent.a4,110,2025-03-29T19:23:49.226913Z,a4,0.449949,3,1.0,0.0006210130069069597,1.0,1.0,1.0
2025-03-29 20:23:57.547,rf.nn.train.agent.a2,110,2025-03-29T19:23:52.207136Z,a2,5.310087,1,0.9990845715090486,0.0029335609321913102,0.7423986161615895,0.7465191855941696,0.7444210180815899
2025-03-29 20:24:02.766,rf.nn.train.agent.a2,110,2025-03-29T19:23:57.547136Z,a2,5.190015,2,0.991901978733892,0.036286276517119784,0.7358219828723869,0.742850631085293,0.7392808864736237
2025-03-29 20:24:07.016,rf.nn.train.agent.a2,110,2025-03-29T19:24:02.772108Z,a2,4.214539,3,0.9910569678191676,0.03833863076052583,0.9825645204237289,0.9880123899264355,0.9852395465822014
2025-03-29 20:24:13.588,rf.nn.train.agent.a3,110,2025-03-29T19:24:10.639379Z,a3,2.930345,1,0.998193315266486,0.0042987176653782036,0.9865947606005707,0.9993910442655852,0.9928750523244533
2025-03-29 20:24:16.486,rf.nn.train.agent.a3,110,2025-03-29T19:24:13.588164Z,a3,2.879377,2,0.9993547554523164,0.0015624119449547847,0.9992874145098247,0.9998350755618198,0.999560495595991
2025-03-29 20:24:19.317,rf.nn.train.agent.a3,110,2025-03-29T19:24:16.486953Z,a3,2.810259,3,0.9992257065427798,0.002910580585817781,0.999616000033589,0.9998193335160389,0.9997175202100842
2025-03-29 20:24:24.173,rf.nn.train.agent.a1,110,2025-03-29T19:24:22.730810Z,a1,1.436188,1,0.9985074626865672,0.004660974604621054,0.7115914881944896,0.7133415589905291,0.7124530270699051
2025-03-29 20:24:25.446,rf.nn.train.agent.a1,110,2025-03-29T19:24:24.175841Z,a1,1.264589,2,0.9994029850746269,0.0007072738982603649,0.8328677839851024,0.8328109787135732,0.8328393765082546
2025-03-29 20:24:26.703,rf.nn.train.agent.a1,110,2025-03-29T19:24:25.446945Z,a1,1.24998,3,1.0,0.0003481995692633691,1.0,1.0,1.0
2025-03-29 20:24:33.987,rf.nn.train.agent.a0,110,2025-03-29T19:24:30.066878Z,a0,3.890157,1,0.9986935136796803,0.003687508859521886,0.5540309987128023,0.5550061511466372,0.5545156621112413
2025-03-29 20:24:38.124,rf.nn.train.agent.a0,110,2025-03-29T19:24:33.989761Z,a0,4.109624,2,0.9995388871810637,0.001185456303512803,0.9995814905219532,0.9995785159523093,0.9995799826725966
2025-03-29 20:24:42.716,rf.nn.train.agent.a0,110,2025-03-29T19:24:38.128858Z,a0,4.558109,3,0.9997694435905318,0.0010785305321982048,0.9996262781267621,0.9997348442937305,0.9996805251076776
